run,timestamp,lasso_alpha,LR_type,LR_alpha,RF_type,RF_n_estimators,RF_max_depth,RF_min_samples_leaf,RF_max_features,RF_random_state,RF_n_jobs,GB_type,GB_objective,GB_boosting_type,GB_num_leaves,GB_max_depth,GB_learning_rate,GB_n_estimators,GB_min_child_samples,GB_subsample,GB_colsample_bytree,GB_reg_alpha,GB_reg_lambda,GB_random_state,GB_n_jobs,GB_verbose,device,input_length,pred_length,valid_length,features_in_future,batch_size,learning_rate,weight_decay,dropout,min_delta,patch_length,stride,geo_block_ratio,lambda_cross,lambda_coverage,lambda_deriv,lambda_median,smoothing_cross,epochs,model_dim,warmup_steps,patience,num_layers,num_heads,ffn_size,num_geo_blocks,num_patches,quantiles_0,quantiles_1,quantiles_2,quantiles_3,quantiles_4,metaNN_batch_size,metaNN_learning_rate,metaNN_weight_decay,metaNN_dropout,metaNN_patience,metaNN_factor,metaNN_device,metaNN_epochs,metaNN_num_cells_0,metaNN_num_cells_1,q10,q25,q50,q75,q90,avg_weight_meta_NN_NN,avg_weight_meta_NN_LR,avg_weight_meta_NN_RF,avg_weight_meta_NN_GB,test_NN_bias,test_NN_RMSE,test_NN_MAE,test_LR_bias,test_LR_RMSE,test_LR_MAE,test_RF_bias,test_RF_RMSE,test_RF_MAE,test_GB_bias,test_GB_RMSE,test_GB_MAE,test_meta_LR_bias,test_meta_LR_RMSE,test_meta_LR_MAE,test_meta_NN_bias,test_meta_NN_RMSE,test_meta_NN_MAE,score
0,2026-01-03 14:46:54.716537,0.020000,2000,lasso,0.020000,2000,rf,500,20,15,20,sqrt,0,4,lgbm,regression,gbdt,31,5,0.050000,500,20,0.800000,0.800000,0.100000,0.100000,0,4,-1,cuda,672,72,48,True,32,0.003868,0.000000,0.052789,0.025000,24,12,1,0.582985,0.790479,0.095166,0.832505,0.032113,22,96,3250,3,1,4,3,5,61,0.100000,0.250000,0.500000,0.750000,0.900000,128,0.000365,0.000005,0.090561,3,0.781658,cuda,12,32,16,0.047002,0.063369,0.104317,0.076679,0.035312,0.041869,0.224900,0.175426,0.557805,0.784150,4.627600,3.419100,-0.420445,2.727000,2.191800,1.455809,2.645100,2.000800,0.890647,2.042200,1.581500,0.228144,1.863100,1.419400,0.594052,1.862200,1.430400,1.413484
1,2026-01-03 14:48:12.553924,0.020000,2000,lasso,0.020000,2000,rf,500,20,15,20,sqrt,0,4,lgbm,regression,gbdt,31,5,0.050000,500,20,0.800000,0.800000,0.100000,0.100000,0,4,-1,cuda,672,72,48,True,64,0.009614,0.000000,0.075586,0.025000,24,12,1,1.270784,0.210144,0.025295,0.603316,0.028648,22,96,2500,5,2,3,3,5,61,0.100000,0.250000,0.500000,0.750000,0.900000,256,0.000210,0.000007,0.052494,3,0.750899,cuda,12,32,16,0.105396,0.177818,0.164598,0.101169,0.047332,0.163022,0.267355,0.238856,0.330767,0.910038,2.620700,2.042000,-0.420445,2.727000,2.191800,1.455809,2.645100,2.000800,0.890647,2.042200,1.581500,0.204059,1.818000,1.394900,0.639764,1.965100,1.504400,1.289155
2,2026-01-03 14:50:08.491662,0.020000,2000,lasso,0.020000,2000,rf,500,20,15,20,sqrt,0,4,lgbm,regression,gbdt,31,5,0.050000,500,20,0.800000,0.800000,0.100000,0.100000,0,4,-1,cuda,672,72,48,True,32,0.021342,0.000000,0.072181,0.025000,24,12,1,1.483294,0.777561,0.138049,0.731045,0.031837,30,125,3250,5,3,5,5,3,61,0.100000,0.250000,0.500000,0.750000,0.900000,512,0.000392,0.000006,0.109953,5,0.682447,cuda,12,32,16,0.067776,0.060342,0.043765,0.009472,-0.016996,0.172788,0.244892,0.231514,0.350806,0.099399,2.550800,1.950000,-0.420445,2.727000,2.191800,1.455809,2.645100,2.000800,0.890647,2.042200,1.581500,0.143093,1.806000,1.387000,0.515886,1.917500,1.468500,1.217036
3,2026-01-03 14:51:25.430380,0.020000,2000,lasso,0.020000,2000,rf,500,20,15,20,sqrt,0,4,lgbm,regression,gbdt,31,5,0.050000,500,20,0.800000,0.800000,0.100000,0.100000,0,4,-1,cuda,672,72,48,True,96,0.012039,0.000000,0.071603,0.025000,24,12,1,1.214580,0.355386,0.005467,0.359054,0.012288,30,96,3250,7,2,3,4,7,61,0.100000,0.250000,0.500000,0.750000,0.900000,512,0.000313,0.000015,0.079462,5,0.833008,cuda,12,24,12,0.081865,0.144005,0.109382,0.063759,0.039149,0.208262,0.246472,0.229884,0.315383,0.613324,2.584500,1.987800,-0.420445,2.727000,2.191800,1.455809,2.645100,2.000800,0.890647,2.042200,1.581500,0.204757,1.827100,1.400500,0.593365,2.003600,1.536900,1.267187
0,2026-01-03 14:53:47.788618,0.020000,2000,lasso,0.020000,2000,rf,500,20,15,20,sqrt,0,4,lgbm,regression,gbdt,31,5,0.050000,500,20,0.800000,0.800000,0.100000,0.100000,0,4,-1,cuda,672,72,48,True,32,0.003640,0.000000,0.111658,0.025000,24,12,1,1.241992,0.657371,0.036454,0.700047,0.028802,22,159,1750,3,2,3,4,3,61,0.100000,0.250000,0.500000,0.750000,0.900000,128,0.000537,0.000010,0.032554,4,0.768090,cuda,12,40,20,0.119005,0.205156,0.166517,0.097332,0.051739,0.066678,0.258822,0.176334,0.498166,1.010844,2.675900,2.096300,-0.420445,2.727000,2.191800,1.455809,2.645100,2.000800,0.890647,2.042200,1.581500,0.211436,1.820000,1.397600,0.540142,1.816100,1.389300,1.284899
1,2026-01-03 14:55:04.394418,0.020000,2000,lasso,0.020000,2000,rf,500,20,15,20,sqrt,0,4,lgbm,regression,gbdt,31,5,0.050000,500,20,0.800000,0.800000,0.100000,0.100000,0,4,-1,cuda,672,72,48,True,64,0.006264,0.000000,0.090159,0.025000,24,12,1,1.899197,0.612259,0.109190,0.545944,0.037469,22,95,1750,3,2,5,5,5,61,0.100000,0.250000,0.500000,0.750000,0.900000,512,0.000237,0.000007,0.071081,4,0.614981,cuda,12,24,12,0.039448,0.063309,0.078897,0.071763,0.062620,0.165552,0.218690,0.325224,0.290534,0.486152,3.139700,2.376300,-0.420445,2.727000,2.191800,1.455809,2.645100,2.000800,0.890647,2.042200,1.581500,0.191115,1.830600,1.397900,0.680384,2.158500,1.655500,1.312500
2,2026-01-03 14:56:23.725026,0.020000,2000,lasso,0.020000,2000,rf,500,20,15,20,sqrt,0,4,lgbm,regression,gbdt,31,5,0.050000,500,20,0.800000,0.800000,0.100000,0.100000,0,4,-1,cuda,672,72,48,True,128,0.018887,0.000000,0.062967,0.025000,24,12,1,1.392157,0.308044,0.043387,0.443491,0.025051,37,160,3250,7,2,4,3,3,61,0.100000,0.250000,0.500000,0.750000,0.900000,128,0.000418,0.000005,0.086192,3,0.738397,cuda,12,32,16,0.164239,0.252368,0.202578,0.109682,0.053028,0.101905,0.270262,0.155527,0.472306,1.016133,2.369100,1.881700,-0.420445,2.727000,2.191800,1.455809,2.645100,2.000800,0.890647,2.042200,1.581500,0.144641,1.865900,1.440100,0.558791,1.825200,1.396300,1.271090
3,2026-01-03 14:57:34.734702,0.020000,2000,lasso,0.020000,2000,rf,500,20,15,20,sqrt,0,4,lgbm,regression,gbdt,31,5,0.050000,500,20,0.800000,0.800000,0.100000,0.100000,0,4,-1,cuda,672,72,48,True,128,0.019476,0.000000,0.100897,0.025000,24,12,1,1.692466,0.660359,0.172184,0.923198,0.046715,37,126,3250,7,2,3,5,7,61,0.100000,0.250000,0.500000,0.750000,0.900000,512,0.000161,0.000005,0.023706,3,0.751148,cuda,12,40,20,0.174910,0.261841,0.216667,0.130725,0.058993,0.229742,0.250040,0.214485,0.305733,1.191444,2.606300,2.092100,-0.420445,2.727000,2.191800,1.455809,2.645100,2.000800,0.890647,2.042200,1.581500,0.169572,1.871400,1.441900,0.798826,2.102900,1.625000,1.334690
4,2026-01-03 14:58:56.041657,0.020000,2000,lasso,0.020000,2000,rf,500,20,15,20,sqrt,0,4,lgbm,regression,gbdt,31,5,0.050000,500,20,0.800000,0.800000,0.100000,0.100000,0,4,-1,cuda,672,72,48,True,128,0.002854,0.000000,0.098523,0.025000,24,12,1,1.326660,0.561292,0.231419,0.483443,0.016641,37,96,3250,7,3,3,5,7,61,0.100000,0.250000,0.500000,0.750000,0.900000,256,0.000181,0.000006,0.099926,6,0.833991,cuda,12,40,20,0.211871,0.220054,0.179376,0.071493,0.004496,0.071352,0.335597,0.260198,0.332854,2.251840,7.740200,6.341700,-0.420445,2.727000,2.191800,1.455809,2.645100,2.000800,0.890647,2.042200,1.581500,0.293922,1.953500,1.519700,0.623421,2.211100,1.714200,1.795312
5,2026-01-03 15:00:20.000287,0.020000,2000,lasso,0.020000,2000,rf,500,20,15,20,sqrt,0,4,lgbm,regression,gbdt,31,5,0.050000,500,20,0.800000,0.800000,0.100000,0.100000,0,4,-1,cuda,672,72,48,True,96,0.005756,0.000000,0.031559,0.025000,24,12,1,0.553025,0.816935,0.243549,0.244167,0.022184,37,160,1750,3,3,5,4,5,61,0.100000,0.250000,0.500000,0.750000,0.900000,128,0.000223,0.000016,0.038230,3,0.689911,cuda,12,32,16,0.103597,0.162260,0.133094,0.082974,0.030995,0.123333,0.222205,0.210715,0.443747,0.674781,2.718200,2.086300,-0.420445,2.727000,2.191800,1.455809,2.645100,2.000800,0.890647,2.042200,1.581500,0.182976,1.804000,1.382200,0.608548,1.847700,1.411900,1.268905
6,2026-01-03 15:01:38.675859,0.020000,2000,lasso,0.020000,2000,rf,500,20,15,20,sqrt,0,4,lgbm,regression,gbdt,31,5,0.050000,500,20,0.800000,0.800000,0.100000,0.100000,0,4,-1,cuda,672,72,48,True,96,0.003626,0.000000,0.110178,0.025000,24,12,1,0.699787,0.264009,0.213858,0.882069,0.034155,22,96,2500,3,2,3,3,5,61,0.100000,0.250000,0.500000,0.750000,0.900000,128,0.001080,0.000005,0.091190,4,0.739615,cuda,12,40,20,0.289239,0.269125,0.169874,-0.006475,-0.102158,0.027459,0.297230,0.187265,0.488046,1.992889,7.767400,6.175200,-0.420445,2.727000,2.191800,1.455809,2.645100,2.000800,0.890647,2.042200,1.581500,0.291551,2.014100,1.548300,0.499699,1.788000,1.363600,1.749257
7,2026-01-03 15:03:44.757135,0.020000,2000,lasso,0.020000,2000,rf,500,20,15,20,sqrt,0,4,lgbm,regression,gbdt,31,5,0.050000,500,20,0.800000,0.800000,0.100000,0.100000,0,4,-1,cuda,672,72,48,True,32,0.003359,0.000000,0.068618,0.025000,24,12,1,0.785980,0.222327,0.051853,0.788068,0.042731,30,96,1750,5,3,3,4,5,61,0.100000,0.250000,0.500000,0.750000,0.900000,256,0.000322,0.000009,0.021377,5,0.766193,cuda,12,32,16,0.132284,0.195803,0.163159,0.087050,0.037890,0.146329,0.262695,0.206668,0.384309,0.755759,2.303600,1.793200,-0.420445,2.727000,2.191800,1.455809,2.645100,2.000800,0.890647,2.042200,1.581500,0.109457,1.864700,1.433000,0.555748,1.895100,1.445700,1.249033
8,2026-01-03 15:05:12.634243,0.020000,2000,lasso,0.020000,2000,rf,500,20,15,20,sqrt,0,4,lgbm,regression,gbdt,31,5,0.050000,500,20,0.800000,0.800000,0.100000,0.100000,0,4,-1,cuda,672,72,48,True,64,0.002932,0.000000,0.068466,0.025000,24,12,1,1.851331,0.443060,0.239872,0.732825,0.035940,30,95,2500,5,2,5,3,7,61,0.100000,0.250000,0.500000,0.750000,0.900000,512,0.000256,0.000006,0.096560,4,0.831721,cuda,12,24,12,0.062590,0.092236,0.151349,0.081984,0.036511,0.159666,0.239814,0.253136,0.347384,0.985926,5.330300,4.002700,-0.420445,2.727000,2.191800,1.455809,2.645100,2.000800,0.890647,2.042200,1.581500,0.261627,1.843600,1.410600,0.667251,2.365100,1.777900,1.522825
9,2026-01-03 15:06:38.244387,0.020000,2000,lasso,0.020000,2000,rf,500,20,15,20,sqrt,0,4,lgbm,regression,gbdt,31,5,0.050000,500,20,0.800000,0.800000,0.100000,0.100000,0,4,-1,cuda,672,72,48,True,64,0.003908,0.000000,0.085954,0.025000,24,12,1,0.799787,0.622130,0.205811,0.925482,0.046490,22,128,1750,5,2,4,5,5,61,0.100000,0.250000,0.500000,0.750000,0.900000,128,0.000186,0.000023,0.095404,4,0.769236,cuda,12,40,20,0.030336,0.049011,0.063219,0.027458,0.025450,0.087843,0.264925,0.219513,0.427719,0.451368,3.234800,2.418100,-0.420445,2.727000,2.191800,1.455809,2.645100,2.000800,0.890647,2.042200,1.581500,0.221897,1.825400,1.388000,0.546276,1.849100,1.402900,1.282114
10,2026-01-03 15:08:33.930409,0.020000,2000,lasso,0.020000,2000,rf,500,20,15,20,sqrt,0,4,lgbm,regression,gbdt,31,5,0.050000,500,20,0.800000,0.800000,0.100000,0.100000,0,4,-1,cuda,672,72,48,True,32,0.003627,0.000000,0.072506,0.025000,24,12,1,1.506239,0.869019,0.096454,0.436754,0.019054,30,128,2500,7,2,4,3,3,61,0.100000,0.250000,0.500000,0.750000,0.900000,256,0.000579,0.000019,0.072336,4,0.692528,cuda,12,40,20,0.094514,0.164988,0.169365,0.099970,0.046163,0.083846,0.251790,0.212334,0.452029,0.946792,2.746700,2.130100,-0.420445,2.727000,2.191800,1.455809,2.645100,2.000800,0.890647,2.042200,1.581500,0.197120,1.813300,1.388500,0.570382,1.882000,1.438800,1.288869
11,2026-01-03 15:09:38.119955,0.020000,2000,lasso,0.020000,2000,rf,500,20,15,20,sqrt,0,4,lgbm,regression,gbdt,31,5,0.050000,500,20,0.800000,0.800000,0.100000,0.100000,0,4,-1,cuda,672,72,48,True,128,0.020731,0.000000,0.096885,0.025000,24,12,1,0.622332,0.934042,0.228755,0.785607,0.045840,37,126,3250,3,2,3,4,3,61,0.100000,0.250000,0.500000,0.750000,0.900000,512,0.000337,0.000013,0.078039,6,0.803443,cuda,12,24,12,0.077698,0.170594,0.171283,0.105635,0.056894,0.177989,0.189810,0.264450,0.367751,1.072928,2.963000,2.322700,-0.420445,2.727000,2.191800,1.455809,2.645100,2.000800,0.890647,2.042200,1.581500,0.217715,1.823700,1.398700,0.767167,2.101800,1.633900,1.340827
12,2026-01-03 15:11:22.742180,0.020000,2000,lasso,0.020000,2000,rf,500,20,15,20,sqrt,0,4,lgbm,regression,gbdt,31,5,0.050000,500,20,0.800000,0.800000,0.100000,0.100000,0,4,-1,cuda,672,72,48,True,64,0.003880,0.000000,0.027407,0.025000,24,12,1,1.289705,0.397436,0.167389,0.339517,0.034655,37,126,3250,7,3,3,5,5,61,0.100000,0.250000,0.500000,0.750000,0.900000,512,0.000732,0.000020,0.027917,3,0.725868,cuda,12,24,12,0.088669,0.175300,0.164778,0.098022,0.050300,0.093197,0.263941,0.235674,0.407189,0.870382,2.557900,2.012700,-0.420445,2.727000,2.191800,1.455809,2.645100,2.000800,0.890647,2.042200,1.581500,0.104254,1.861900,1.433800,0.636978,1.919600,1.472700,1.278373
13,2026-01-03 15:12:46.057121,0.020000,2000,lasso,0.020000,2000,rf,500,20,15,20,sqrt,0,4,lgbm,regression,gbdt,31,5,0.050000,500,20,0.800000,0.800000,0.100000,0.100000,0,4,-1,cuda,672,72,48,True,96,0.007584,0.000000,0.035064,0.025000,24,12,1,1.202554,0.290919,0.035944,0.403788,0.036784,37,96,2500,3,3,3,5,3,61,0.100000,0.250000,0.500000,0.750000,0.900000,512,0.000986,0.000021,0.031835,3,0.825630,cuda,12,24,12,0.061811,0.104556,0.063070,0.033483,0.027218,0.170602,0.227712,0.185538,0.416148,0.370657,2.441600,1.901200,-0.420445,2.727000,2.191800,1.455809,2.645100,2.000800,0.890647,2.042200,1.581500,0.177645,1.832900,1.410400,0.544559,1.897400,1.454100,1.229387
14,2026-01-03 15:14:10.396125,0.020000,2000,lasso,0.020000,2000,rf,500,20,15,20,sqrt,0,4,lgbm,regression,gbdt,31,5,0.050000,500,20,0.800000,0.800000,0.100000,0.100000,0,4,-1,cuda,672,72,48,True,64,0.012857,0.000000,0.035049,0.025000,24,12,1,1.048479,0.897621,0.093672,0.869357,0.009710,22,128,1750,7,2,4,3,3,61,0.100000,0.250000,0.500000,0.750000,0.900000,128,0.000203,0.000015,0.090658,5,0.735775,cuda,12,32,16,0.089269,0.103657,0.033633,-0.006145,-0.015258,0.144648,0.232890,0.175597,0.446865,0.173824,2.595200,2.030900,-0.420445,2.727000,2.191800,1.455809,2.645100,2.000800,0.890647,2.042200,1.581500,0.086077,1.883300,1.452200,0.548099,1.839000,1.409800,1.227029
15,2026-01-03 15:15:21.391707,0.020000,2000,lasso,0.020000,2000,rf,500,20,15,20,sqrt,0,4,lgbm,regression,gbdt,31,5,0.050000,500,20,0.800000,0.800000,0.100000,0.100000,0,4,-1,cuda,672,72,48,True,96,0.013929,0.000000,0.046079,0.025000,24,12,1,0.764854,0.369267,0.140826,0.925898,0.009536,22,128,2500,7,2,4,4,3,61,0.100000,0.250000,0.500000,0.750000,0.900000,256,0.000802,0.000017,0.044247,4,0.845204,cuda,12,32,16,0.102668,0.154886,0.126259,0.074520,0.037770,0.127875,0.246314,0.159704,0.466107,0.699415,2.494300,1.933700,-0.420445,2.727000,2.191800,1.455809,2.645100,2.000800,0.890647,2.042200,1.581500,0.191258,1.818900,1.396700,0.519703,1.838300,1.406700,1.250017
16,2026-01-03 15:16:28.152198,0.020000,2000,lasso,0.020000,2000,rf,500,20,15,20,sqrt,0,4,lgbm,regression,gbdt,31,5,0.050000,500,20,0.800000,0.800000,0.100000,0.100000,0,4,-1,cuda,672,72,48,True,96,0.011217,0.000000,0.103781,0.025000,24,12,1,1.462300,0.591445,0.101018,0.294802,0.047020,30,160,1750,3,2,5,4,5,61,0.100000,0.250000,0.500000,0.750000,0.900000,256,0.000992,0.000005,0.063874,5,0.734422,cuda,12,24,12,0.070624,0.121163,0.119155,0.091906,0.055845,0.101554,0.259278,0.213765,0.425403,0.695019,2.682300,2.082100,-0.420445,2.727000,2.191800,1.455809,2.645100,2.000800,0.890647,2.042200,1.581500,0.159485,1.805300,1.382800,0.529596,1.882900,1.436300,1.263904
17,2026-01-03 15:17:39.449615,0.020000,2000,lasso,0.020000,2000,rf,500,20,15,20,sqrt,0,4,lgbm,regression,gbdt,31,5,0.050000,500,20,0.800000,0.800000,0.100000,0.100000,0,4,-1,cuda,672,72,48,True,128,0.020433,0.000000,0.090271,0.025000,24,12,1,0.651214,0.395457,0.147393,0.465347,0.022080,30,160,1750,5,3,4,5,3,61,0.100000,0.250000,0.500000,0.750000,0.900000,128,0.001437,0.000014,0.053891,3,0.761293,cuda,12,40,20,0.006745,-0.036001,-0.100030,-0.119724,-0.062320,0.267243,0.212236,0.171703,0.348818,-0.621630,2.443600,1.892100,-0.420445,2.727000,2.191800,1.455809,2.645100,2.000800,0.890647,2.042200,1.581500,0.055374,1.856900,1.429700,0.243847,1.673600,1.272900,1.207381
18,2026-01-03 15:18:47.742646,0.020000,2000,lasso,0.020000,2000,rf,500,20,15,20,sqrt,0,4,lgbm,regression,gbdt,31,5,0.050000,500,20,0.800000,0.800000,0.100000,0.100000,0,4,-1,cuda,672,72,48,True,64,0.009816,0.000000,0.032471,0.025000,24,12,1,0.569493,0.457951,0.254010,0.449438,0.028337,22,160,1750,5,1,4,4,3,61,0.100000,0.250000,0.500000,0.750000,0.900000,512,0.000206,0.000006,0.050707,4,0.848569,cuda,12,32,16,0.070114,0.060402,-0.001379,-0.059892,-0.023171,0.241173,0.288253,0.212983,0.257591,0.008197,2.284700,1.782800,-0.420445,2.727000,2.191800,1.455809,2.645100,2.000800,0.890647,2.042200,1.581500,0.055588,1.876300,1.450400,0.408467,2.032200,1.559100,1.201218
19,2026-01-03 15:20:23.561811,0.020000,2000,lasso,0.020000,2000,rf,500,20,15,20,sqrt,0,4,lgbm,regression,gbdt,31,5,0.050000,500,20,0.800000,0.800000,0.100000,0.100000,0,4,-1,cuda,672,72,48,True,32,0.006765,0.000000,0.043997,0.025000,24,12,1,1.281365,0.693024,0.014756,0.259214,0.015972,30,160,1750,3,3,4,4,5,61,0.100000,0.250000,0.500000,0.750000,0.900000,256,0.000229,0.000004,0.086795,6,0.678546,cuda,12,24,12,0.108004,0.164269,0.100510,0.041547,0.011571,0.209398,0.250172,0.219492,0.320939,0.529274,2.533700,1.986600,-0.420445,2.727000,2.191800,1.455809,2.645100,2.000800,0.890647,2.042200,1.581500,0.183659,1.816200,1.396600,0.649232,2.013500,1.542400,1.262277
20,2026-01-03 15:22:17.663461,0.020000,2000,lasso,0.020000,2000,rf,500,20,15,20,sqrt,0,4,lgbm,regression,gbdt,31,5,0.050000,500,20,0.800000,0.800000,0.100000,0.100000,0,4,-1,cuda,672,72,48,True,32,0.002810,0.000000,0.069163,0.025000,24,12,1,1.766925,0.893233,0.095354,0.613180,0.028897,37,126,3250,5,1,3,5,5,61,0.100000,0.250000,0.500000,0.750000,0.900000,512,0.000332,0.000004,0.071912,5,0.623274,cuda,12,24,12,0.073921,0.120474,0.111631,0.080576,0.046853,0.189909,0.229398,0.298588,0.282106,0.635213,2.777200,2.139400,-0.420445,2.727000,2.191800,1.455809,2.645100,2.000800,0.890647,2.042200,1.581500,0.194623,1.813600,1.386400,0.732154,2.027600,1.555800,1.289163
21,2026-01-03 15:23:43.229141,0.020000,2000,lasso,0.020000,2000,rf,500,20,15,20,sqrt,0,4,lgbm,regression,gbdt,31,5,0.050000,500,20,0.800000,0.800000,0.100000,0.100000,0,4,-1,cuda,672,72,48,True,128,0.003069,0.000000,0.023943,0.025000,24,12,1,1.847001,0.963322,0.212294,0.424941,0.020573,37,160,1750,7,2,4,4,3,61,0.100000,0.250000,0.500000,0.750000,0.900000,128,0.000206,0.000004,0.038983,5,0.634762,cuda,12,40,20,0.082464,0.112020,0.099580,0.077398,0.053327,0.118811,0.259314,0.180232,0.441643,0.625511,2.896700,2.209800,-0.420445,2.727000,2.191800,1.455809,2.645100,2.000800,0.890647,2.042200,1.581500,0.185761,1.804200,1.379400,0.568473,1.849700,1.415100,1.274554
22,2026-01-03 15:24:47.147162,0.020000,2000,lasso,0.020000,2000,rf,500,20,15,20,sqrt,0,4,lgbm,regression,gbdt,31,5,0.050000,500,20,0.800000,0.800000,0.100000,0.100000,0,4,-1,cuda,672,72,48,True,128,0.002251,0.000000,0.100068,0.025000,24,12,1,0.957633,0.766555,0.045281,0.943000,0.020732,22,96,1750,7,2,3,5,3,61,0.100000,0.250000,0.500000,0.750000,0.900000,512,0.000267,0.000005,0.114334,3,0.693831,cuda,12,40,20,0.380785,0.324490,0.154826,-0.046643,-0.137680,0.081110,0.292447,0.308186,0.318257,2.286985,9.492000,7.926200,-0.420445,2.727000,2.191800,1.455809,2.645100,2.000800,0.890647,2.042200,1.581500,0.298350,2.115500,1.639400,0.880934,2.673900,1.876600,2.008243
23,2026-01-03 15:26:00.502045,0.020000,2000,lasso,0.020000,2000,rf,500,20,15,20,sqrt,0,4,lgbm,regression,gbdt,31,5,0.050000,500,20,0.800000,0.800000,0.100000,0.100000,0,4,-1,cuda,672,72,48,True,96,0.015447,0.000000,0.051612,0.025000,24,12,1,0.889971,0.392946,0.299735,0.746247,0.027337,37,96,3250,3,2,3,3,7,61,0.100000,0.250000,0.500000,0.750000,0.900000,512,0.000225,0.000006,0.076692,5,0.816220,cuda,12,32,16,0.104586,0.195833,0.170923,0.113159,0.055516,0.136083,0.249028,0.284800,0.330089,1.071671,2.828900,2.212500,-0.420445,2.727000,2.191800,1.455809,2.645100,2.000800,0.890647,2.042200,1.581500,0.213846,1.832700,1.406800,0.752357,2.086700,1.608500,1.330839
0,2026-01-03 15:38:47.650304,0.020000,2000,lasso,0.020000,2000,rf,500,20,15,20,sqrt,0,4,lgbm,regression,gbdt,31,5,0.050000,500,20,0.800000,0.800000,0.100000,0.100000,0,4,-1,cuda,672,72,48,True,128,0.002774,0.000000,0.022596,0.025000,24,12,1,1.260693,0.754188,0.144831,0.379138,0.009805,30,159,2500,3,3,3,3,3,61,0.100000,0.250000,0.500000,0.750000,0.900000,512,0.000180,0.000007,0.038122,4,0.758346,cuda,12,24,12,0.074161,0.100210,0.172722,0.089029,0.039748,0.181278,0.216780,0.243729,0.358214,1.224815,5.821400,4.435500,-0.420445,2.727000,2.191800,1.455809,2.645100,2.000800,0.890647,2.042200,1.581500,0.254013,1.875000,1.422700,0.804430,2.357300,1.776900,1.582749
0,2026-01-03 15:40:21.861919,0.020000,2000,lasso,0.020000,2000,rf,500,20,15,20,sqrt,0,4,lgbm,regression,gbdt,31,5,0.050000,500,20,0.800000,0.800000,0.100000,0.100000,0,4,-1,cuda,672,72,48,True,64,0.014035,0.000000,0.040512,0.025000,24,12,1,0.525491,0.736220,0.224069,0.742541,0.017174,22,160,2500,5,2,5,3,5,61,0.100000,0.250000,0.500000,0.750000,0.900000,256,0.000152,0.000011,0.051081,6,0.693654,cuda,12,40,20,0.094125,0.099940,0.061181,0.029586,0.012710,0.239311,0.218641,0.242658,0.299390,0.252137,2.438200,1.884200,-0.420445,2.727000,2.191800,1.455809,2.645100,2.000800,0.890647,2.042200,1.581500,0.058437,1.863600,1.431300,0.538814,1.962000,1.502300,1.225384
1,2026-01-03 15:41:36.496517,0.020000,2000,lasso,0.020000,2000,rf,500,20,15,20,sqrt,0,4,lgbm,regression,gbdt,31,5,0.050000,500,20,0.800000,0.800000,0.100000,0.100000,0,4,-1,cuda,672,72,48,True,64,0.014799,0.000000,0.103454,0.025000,24,12,1,1.896285,0.251652,0.017688,0.783590,0.007141,30,95,1750,3,2,5,5,3,61,0.100000,0.250000,0.500000,0.750000,0.900000,256,0.001024,0.000007,0.118057,5,0.629440,cuda,12,32,16,0.130635,0.236541,0.196733,0.107074,0.053897,0.080727,0.249203,0.192738,0.477332,1.040915,2.620700,2.049900,-0.420445,2.727000,2.191800,1.455809,2.645100,2.000800,0.890647,2.042200,1.581500,0.167810,1.885800,1.451000,0.597629,1.836900,1.405000,1.292862
2,2026-01-03 15:42:52.386274,0.020000,2000,lasso,0.020000,2000,rf,500,20,15,20,sqrt,0,4,lgbm,regression,gbdt,31,5,0.050000,500,20,0.800000,0.800000,0.100000,0.100000,0,4,-1,cuda,672,72,48,True,32,0.019919,0.000000,0.027584,0.025000,24,12,1,1.951565,0.815599,0.229851,0.530981,0.040431,30,160,2500,3,1,4,4,3,61,0.100000,0.250000,0.500000,0.750000,0.900000,256,0.000699,0.000026,0.086003,4,0.845721,cuda,12,24,12,0.169484,0.211361,0.167086,0.087500,0.039538,0.137313,0.244647,0.156833,0.461207,0.955431,2.534500,2.014900,-0.420445,2.727000,2.191800,1.455809,2.645100,2.000800,0.890647,2.042200,1.581500,0.168641,1.883600,1.454600,0.631166,1.890000,1.449400,1.287500
3,2026-01-03 15:44:09.266308,0.020000,2000,lasso,0.020000,2000,rf,500,20,15,20,sqrt,0,4,lgbm,regression,gbdt,31,5,0.050000,500,20,0.800000,0.800000,0.100000,0.100000,0,4,-1,cuda,672,72,48,True,128,0.002441,0.000000,0.093276,0.025000,24,12,1,1.276819,0.757502,0.282455,0.228324,0.008733,37,126,3250,3,2,3,5,5,61,0.100000,0.250000,0.500000,0.750000,0.900000,512,0.000212,0.000015,0.090769,6,0.608579,cuda,12,40,20,0.140048,0.174251,0.149101,0.045683,-0.019185,0.102028,0.357855,0.246927,0.293190,1.733030,8.172600,6.699900,-0.420445,2.727000,2.191800,1.455809,2.645100,2.000800,0.890647,2.042200,1.581500,0.297019,1.983600,1.543800,0.538094,2.377700,1.779600,1.809083
4,2026-01-03 15:46:04.222029,0.020000,2000,lasso,0.020000,2000,rf,500,20,15,20,sqrt,0,4,lgbm,regression,gbdt,31,5,0.050000,500,20,0.800000,0.800000,0.100000,0.100000,0,4,-1,cuda,672,72,48,True,32,0.005841,0.000000,0.085361,0.025000,24,12,1,1.083287,0.621696,0.250471,0.288171,0.014851,30,95,1750,5,2,5,4,7,61,0.100000,0.250000,0.500000,0.750000,0.900000,128,0.000946,0.000017,0.058547,3,0.610087,cuda,12,32,16,0.059922,0.088549,0.049131,-0.015737,-0.000420,0.132920,0.263401,0.193502,0.410176,0.202630,2.366500,1.835500,-0.420445,2.727000,2.191800,1.455809,2.645100,2.000800,0.890647,2.042200,1.581500,0.115323,1.876800,1.444200,0.472131,1.783900,1.360000,1.201132
5,2026-01-03 15:47:17.008522,0.020000,2000,lasso,0.020000,2000,rf,500,20,15,20,sqrt,0,4,lgbm,regression,gbdt,31,5,0.050000,500,20,0.800000,0.800000,0.100000,0.100000,0,4,-1,cuda,672,72,48,True,96,0.007455,0.000000,0.069907,0.025000,24,12,1,0.822768,0.637554,0.272048,0.771313,0.017728,22,96,3250,7,3,3,5,3,61,0.100000,0.250000,0.500000,0.750000,0.900000,256,0.000372,0.000012,0.055568,4,0.816696,cuda,12,32,16,0.119634,0.171853,0.193915,0.115528,0.045833,0.044843,0.288727,0.259725,0.406706,1.834795,5.971900,4.699700,-0.420445,2.727000,2.191800,1.455809,2.645100,2.000800,0.890647,2.042200,1.581500,0.264359,1.858800,1.428100,0.648207,2.004500,1.533400,1.601992
6,2026-01-03 15:48:34.283128,0.020000,2000,lasso,0.020000,2000,rf,500,20,15,20,sqrt,0,4,lgbm,regression,gbdt,31,5,0.050000,500,20,0.800000,0.800000,0.100000,0.100000,0,4,-1,cuda,672,72,48,True,96,0.010057,0.000000,0.042250,0.025000,24,12,1,1.299140,0.281852,0.209429,0.711769,0.012671,30,160,3250,7,2,4,4,7,61,0.100000,0.250000,0.500000,0.750000,0.900000,512,0.000310,0.000005,0.101750,5,0.758849,cuda,12,32,16,0.173381,0.228657,0.175300,0.101199,0.046193,0.175250,0.188293,0.272743,0.363713,0.851913,2.276400,1.800500,-0.420445,2.727000,2.191800,1.455809,2.645100,2.000800,0.890647,2.042200,1.581500,0.099312,1.847600,1.423900,0.690475,1.961500,1.503100,1.266727
7,2026-01-03 15:49:47.943515,0.020000,2000,lasso,0.020000,2000,rf,500,20,15,20,sqrt,0,4,lgbm,regression,gbdt,31,5,0.050000,500,20,0.800000,0.800000,0.100000,0.100000,0,4,-1,cuda,672,72,48,True,96,0.016775,0.000000,0.076721,0.025000,24,12,1,1.583006,0.371136,0.198982,0.533938,0.006045,37,126,3250,3,3,3,5,7,61,0.100000,0.250000,0.500000,0.750000,0.900000,512,0.000411,0.000024,0.045531,5,0.811874,cuda,12,40,20,0.073171,0.142326,0.116277,0.059592,0.040618,0.166065,0.252547,0.261706,0.319682,0.621315,2.518500,1.965700,-0.420445,2.727000,2.191800,1.455809,2.645100,2.000800,0.890647,2.042200,1.581500,0.093516,1.866900,1.436400,0.555456,1.964900,1.502600,1.257068
0,2026-01-03 16:00:41.314026,0.02000000,2000,lasso,0.02000000,2000,rf,500,20,15,20,sqrt,0,4,lgbm,regression,gbdt,31,5,0.05000000,500,20,0.80000000,0.80000000,0.10000000,0.10000000,0,4,-1,cuda,672,72,48,True,32,18843.37083310,0.23761609,0.04837451,0.02500000,24,12,1,1.45911561,0.70165893,0.16235563,0.30504492,0.01200711,30,160,3250,7,1,4,3,3,61,0.10000000,0.25000000,0.50000000,0.75000000,0.90000000,128,752.97047199,8.05474328,0.11292567,4,0.69457615,cuda,12,40,20,0.32023381,0.35392686,0.26978417,0.14559353,0.05854317,0.04685994,0.26777139,0.19978344,0.48558518,1.72088933,3.00149989,2.41389990,-0.42044538,2.72700000,2.19180012,1.45580888,2.64510012,2.00079989,0.89064729,2.04220009,1.58150005,0.26799309,1.83739996,1.41460001,0.59756958,1.83039999,1.39719999,1.37325370
1,2026-01-03 16:02:15.399168,0.02000000,2000,lasso,0.02000000,2000,rf,500,20,15,20,sqrt,0,4,lgbm,regression,gbdt,31,5,0.05000000,500,20,0.80000000,0.80000000,0.10000000,0.10000000,0,4,-1,cuda,672,72,48,True,32,6520.19969819,0.10955843,0.11739698,0.02500000,24,12,1,1.84886662,0.55337890,0.24130520,0.99434426,0.04076322,22,126,2500,3,2,3,5,5,61,0.10000000,0.25000000,0.50000000,0.75000000,0.90000000,256,539.59847934,4.29488916,0.08826979,4,0.77154758,cuda,12,40,20,0.07245204,0.13630096,0.12317146,0.08120504,0.04460432,0.12344870,0.25108191,0.16804993,0.45741954,0.65933591,2.74799991,2.14100003,-0.42044538,2.72700000,2.19180012,1.45580888,2.64510012,2.00079989,0.89064729,2.04220009,1.58150005,0.23564668,1.80970001,1.38429999,0.57475251,1.84430003,1.41289997,1.27056394
2,2026-01-03 16:03:33.705759,0.02000000,2000,lasso,0.02000000,2000,rf,500,20,15,20,sqrt,0,4,lgbm,regression,gbdt,31,5,0.05000000,500,20,0.80000000,0.80000000,0.10000000,0.10000000,0,4,-1,cuda,672,72,48,True,96,9749.93458157,0.04164030,0.04309577,0.02500000,24,12,1,0.90018733,0.76653326,0.15923580,0.77162751,0.03953398,37,160,3250,7,2,5,4,7,61,0.10000000,0.25000000,0.50000000,0.75000000,0.90000000,512,385.18108207,18.83001012,0.06981458,3,0.65752131,cuda,12,40,20,0.12101319,0.14499400,0.09130695,0.03905875,0.02032374,0.20164017,0.20790915,0.22318387,0.36726680,0.47066307,2.33559990,1.82749999,-0.42044538,2.72700000,2.19180012,1.45580888,2.64510012,2.00079989,0.89064729,2.04220009,1.58150005,0.08062594,1.86969995,1.44190001,0.62208444,1.94120002,1.48740005,1.23689878
3,2026-01-03 16:05:00.203426,0.02000000,2000,lasso,0.02000000,2000,rf,500,20,15,20,sqrt,0,4,lgbm,regression,gbdt,31,5,0.05000000,500,20,0.80000000,0.80000000,0.10000000,0.10000000,0,4,-1,cuda,672,72,48,True,128,4417.11859702,0.04816367,0.10903345,0.02500000,24,12,1,1.41464333,0.31130128,0.09320802,0.89018991,0.01818099,37,160,3250,3,2,4,5,7,61,0.10000000,0.25000000,0.50000000,0.75000000,0.90000000,128,871.65746578,3.21822009,0.08896918,6,0.80356926,cuda,12,24,12,0.05521583,0.11891487,0.14199640,0.08462230,0.05158873,0.07457627,0.25768790,0.18093431,0.48680151,0.80168283,2.67779994,2.07310009,-0.42044538,2.72700000,2.19180012,1.45580888,2.64510012,2.00079989,0.89064729,2.04220009,1.58150005,0.19829808,1.81050003,1.38489997,0.54292202,1.81990004,1.38580000,1.26532795
4,2026-01-03 16:06:34.704596,0.02000000,2000,lasso,0.02000000,2000,rf,500,20,15,20,sqrt,0,4,lgbm,regression,gbdt,31,5,0.05000000,500,20,0.80000000,0.80000000,0.10000000,0.10000000,0,4,-1,cuda,672,72,48,True,32,14032.47169289,0.09795968,0.03918231,0.02500000,24,12,1,0.77624902,0.78597568,0.18633003,0.50914676,0.00894154,22,159,2500,3,3,3,4,3,61,0.10000000,0.25000000,0.50000000,0.75000000,0.90000000,128,712.75946043,4.44993992,0.07043981,4,0.69523313,cuda,12,24,12,0.08953837,0.13770983,0.14667266,0.09148681,0.04709233,0.08734491,0.25543314,0.18836206,0.46885982,0.76772851,2.70560002,2.10710001,-0.42044538,2.72700000,2.19180012,1.45580888,2.64510012,2.00079989,0.89064729,2.04220009,1.58150005,0.19388632,1.80620003,1.38220000,0.53419304,1.80750000,1.37779999,1.26739173
5,2026-01-03 16:07:55.437547,0.02000000,2000,lasso,0.02000000,2000,rf,500,20,15,20,sqrt,0,4,lgbm,regression,gbdt,31,5,0.05000000,500,20,0.80000000,0.80000000,0.10000000,0.10000000,0,4,-1,cuda,672,72,48,True,64,5820.92212394,0.05227934,0.06203091,0.02500000,24,12,1,1.99158974,0.63181635,0.09449823,0.58402708,0.02211275,30,125,1750,5,2,5,5,3,61,0.10000000,0.25000000,0.50000000,0.75000000,0.90000000,512,297.22846514,18.47999161,0.07436998,5,0.71014280,cuda,12,40,20,0.09067746,0.16576739,0.15356715,0.09745204,0.05317746,0.15860526,0.28347886,0.19142900,0.36648688,0.90506321,2.68460011,2.11240005,-0.42044538,2.72700000,2.19180012,1.45580888,2.64510012,2.00079989,0.89064729,2.04220009,1.58150005,0.21029319,1.81149995,1.39100003,0.61630803,2.00289989,1.53729999,1.29510034
6,2026-01-03 16:09:15.583394,0.02000000,2000,lasso,0.02000000,2000,rf,500,20,15,20,sqrt,0,4,lgbm,regression,gbdt,31,5,0.05000000,500,20,0.80000000,0.80000000,0.10000000,0.10000000,0,4,-1,cuda,672,72,48,True,128,8113.62378729,0.10825745,0.11718857,0.02500000,24,12,1,1.06889277,0.32481299,0.09944240,0.22488100,0.01871556,30,96,2500,7,2,3,3,3,61,0.10000000,0.25000000,0.50000000,0.75000000,0.90000000,128,314.54397629,7.03733296,0.07310364,4,0.77475366,cuda,12,40,20,0.05170863,0.09610312,0.08429257,0.06306954,0.03750000,0.07741780,0.26799074,0.19585760,0.45873389,0.50688457,2.79130006,2.13700008,-0.42044538,2.72700000,2.19180012,1.45580888,2.64510012,2.00079989,0.89064729,2.04220009,1.58150005,0.19004300,1.82200003,1.39559996,0.54641056,1.83179998,1.39690006,1.25677887
7,2026-01-03 16:10:25.900153,0.02000000,2000,lasso,0.02000000,2000,rf,500,20,15,20,sqrt,0,4,lgbm,regression,gbdt,31,5,0.05000000,500,20,0.80000000,0.80000000,0.10000000,0.10000000,0,4,-1,cuda,672,72,48,True,128,19282.60913168,0.04446047,0.02859157,0.02500000,24,12,1,1.78704933,0.92441772,0.22637872,0.87281556,0.01076878,37,126,1750,7,1,3,5,3,61,0.10000000,0.25000000,0.50000000,0.75000000,0.90000000,256,378.49621678,7.17492153,0.09283473,4,0.61821434,cuda,12,24,12,0.21657674,0.28048561,0.22547962,0.12410072,0.04982014,0.12442083,0.28683084,0.22314918,0.36559919,1.21822035,2.54609990,2.04410005,-0.42044538,2.72700000,2.19180012,1.45580888,2.64510012,2.00079989,0.89064729,2.04220009,1.58150005,0.23494056,1.81649995,1.39970005,0.65059692,1.98360002,1.53250003,1.31643576
0,2026-01-03 16:41:11.501143,0.020000,2000,lasso,0.020000,2000,rf,500,20,15,20,sqrt,0,4,lgbm,regression,gbdt,31,5,0.050000,500,20,0.800000,0.800000,0.100000,0.100000,0,4,-1,cuda,672,72,48,True,32,11149.328818,0.036609,0.067669,0.025000,24,12,1,1.891048,0.910923,0.078611,0.401699,0.049873,30,96,2500,7,2,4,5,3,61,0.100000,0.250000,0.500000,0.750000,0.900000,128,211.418470,6.673933,0.094609,5,0.654508,cuda,14,32,16,0.095384,0.152068,0.144005,0.071643,0.036691,0.157041,0.255310,0.208632,0.379018,0.747602,2.404400,1.878200,-0.420445,2.727000,2.191800,1.455809,2.645100,2.000800,0.890647,2.042200,1.581500,0.112928,1.877500,1.447200,0.575290,1.872800,1.431400,1.252279
1,2026-01-03 16:42:25.855222,0.020000,2000,lasso,0.020000,2000,rf,500,20,15,20,sqrt,0,4,lgbm,regression,gbdt,31,5,0.050000,500,20,0.800000,0.800000,0.100000,0.100000,0,4,-1,cuda,672,72,48,True,96,27943.629135,0.076408,0.085973,0.025000,24,12,1,1.626584,0.912669,0.160238,0.972803,0.009947,30,95,2500,7,3,5,5,5,61,0.100000,0.250000,0.500000,0.750000,0.900000,256,784.899441,3.708713,0.038559,4,0.780739,cuda,10,24,12,0.081265,0.114209,0.082584,0.025240,0.004197,0.157909,0.250328,0.221733,0.370031,0.380300,2.427300,1.896600,-0.420445,2.727000,2.191800,1.455809,2.645100,2.000800,0.890647,2.042200,1.581500,0.095999,1.865800,1.437400,0.553776,1.890700,1.444400,1.228481
2,2026-01-03 16:43:43.219534,0.020000,2000,lasso,0.020000,2000,rf,500,20,15,20,sqrt,0,4,lgbm,regression,gbdt,31,5,0.050000,500,20,0.800000,0.800000,0.100000,0.100000,0,4,-1,cuda,672,72,48,True,32,14339.415078,0.168658,0.029500,0.025000,24,12,1,1.848126,0.371790,0.137024,0.260099,0.025440,37,159,1750,3,3,3,4,5,61,0.100000,0.250000,0.500000,0.750000,0.900000,128,172.181433,26.000868,0.085575,4,0.653933,cuda,8,32,16,0.119754,0.255635,0.224191,0.117176,0.060731,0.135099,0.245726,0.221134,0.398042,1.263305,2.692300,2.159200,-0.420445,2.727000,2.191800,1.455809,2.645100,2.000800,0.890647,2.042200,1.581500,0.233157,1.833500,1.412400,0.681136,1.962900,1.505800,1.325065
3,2026-01-03 16:45:28.906552,0.020000,2000,lasso,0.020000,2000,rf,500,20,15,20,sqrt,0,4,lgbm,regression,gbdt,31,5,0.050000,500,20,0.800000,0.800000,0.100000,0.100000,0,4,-1,cuda,672,72,48,True,64,5857.240782,0.064031,0.070439,0.025000,24,12,1,1.074500,0.939795,0.072729,0.991174,0.010023,37,96,1750,7,3,3,4,5,61,0.100000,0.250000,0.500000,0.750000,0.900000,512,489.100297,24.272550,0.073619,5,0.749897,cuda,14,24,12,0.141127,0.232974,0.200929,0.103477,0.045624,0.146862,0.263337,0.229235,0.360567,1.050581,2.526800,2.002800,-0.420445,2.727000,2.191800,1.455809,2.645100,2.000800,0.890647,2.042200,1.581500,0.131048,1.867800,1.438100,0.693461,2.010200,1.545800,1.302001
4,2026-01-03 16:46:29.448681,0.020000,2000,lasso,0.020000,2000,rf,500,20,15,20,sqrt,0,4,lgbm,regression,gbdt,31,5,0.050000,500,20,0.800000,0.800000,0.100000,0.100000,0,4,-1,cuda,672,72,48,True,96,24855.298023,0.052580,0.115574,0.025000,24,12,1,1.813212,0.248203,0.109453,0.633205,0.048948,30,126,2500,3,3,3,3,7,61,0.100000,0.250000,0.500000,0.750000,0.900000,256,1100.806373,8.337204,0.108178,3,0.838086,cuda,8,32,16,0.066427,0.142386,0.118285,0.072752,0.036271,0.121270,0.267544,0.192527,0.418658,0.570420,2.319800,1.807500,-0.420445,2.727000,2.191800,1.455809,2.645100,2.000800,0.890647,2.042200,1.581500,0.068619,1.848200,1.419200,0.496295,1.845300,1.418900,1.225463
5,2026-01-03 16:48:05.571224,0.020000,2000,lasso,0.020000,2000,rf,500,20,15,20,sqrt,0,4,lgbm,regression,gbdt,31,5,0.050000,500,20,0.800000,0.800000,0.100000,0.100000,0,4,-1,cuda,672,72,48,True,64,5583.109475,0.053144,0.073325,0.025000,24,12,1,0.602246,0.724181,0.192019,0.859962,0.022211,22,128,1750,3,3,4,5,5,61,0.100000,0.250000,0.500000,0.750000,0.900000,128,720.172076,16.602000,0.032514,3,0.643226,cuda,14,24,12,0.081205,0.122122,0.152038,0.107824,0.045773,0.095268,0.255531,0.169683,0.479519,0.824001,2.892600,2.227600,-0.420445,2.727000,2.191800,1.455809,2.645100,2.000800,0.890647,2.042200,1.581500,0.178015,1.806800,1.381300,0.527435,1.826800,1.394400,1.283618
6,2026-01-03 16:49:37.960202,0.020000,2000,lasso,0.020000,2000,rf,500,20,15,20,sqrt,0,4,lgbm,regression,gbdt,31,5,0.050000,500,20,0.800000,0.800000,0.100000,0.100000,0,4,-1,cuda,672,72,48,True,32,3171.333136,0.108492,0.068112,0.025000,24,12,1,1.505481,0.272580,0.228317,0.415315,0.013751,22,96,3250,5,2,4,3,7,61,0.100000,0.250000,0.500000,0.750000,0.900000,512,1050.709532,10.347404,0.075340,4,0.731631,cuda,10,32,16,0.074970,0.114089,0.151499,0.102038,0.034862,0.037451,0.290048,0.310781,0.361720,1.257440,5.322700,4.054500,-0.420445,2.727000,2.191800,1.455809,2.645100,2.000800,0.890647,2.042200,1.581500,0.248704,1.883000,1.438400,0.623415,1.980900,1.515200,1.511175
7,2026-01-03 16:50:46.675327,0.020000,2000,lasso,0.020000,2000,rf,500,20,15,20,sqrt,0,4,lgbm,regression,gbdt,31,5,0.050000,500,20,0.800000,0.800000,0.100000,0.100000,0,4,-1,cuda,672,72,48,True,96,27101.429403,0.127466,0.117299,0.025000,24,12,1,0.521703,0.218759,0.094280,0.415715,0.009874,30,128,1750,3,2,4,3,3,61,0.100000,0.250000,0.500000,0.750000,0.900000,256,400.079375,5.650865,0.026918,3,0.766847,cuda,14,24,12,0.178118,0.260012,0.197272,0.105126,0.043735,0.077874,0.250936,0.191253,0.479937,1.149839,2.657200,2.117400,-0.420445,2.727000,2.191800,1.455809,2.645100,2.000800,0.890647,2.042200,1.581500,0.186386,1.828800,1.409400,0.592966,1.906300,1.460100,1.306433
8,2026-01-03 16:51:50.935378,0.020000,2000,lasso,0.020000,2000,rf,500,20,15,20,sqrt,0,4,lgbm,regression,gbdt,31,5,0.050000,500,20,0.800000,0.800000,0.100000,0.100000,0,4,-1,cuda,672,72,48,True,128,11317.818202,0.218350,0.053960,0.025000,24,12,1,1.366254,0.215056,0.164007,0.932543,0.035695,22,126,1750,3,2,3,5,7,61,0.100000,0.250000,0.500000,0.750000,0.900000,128,414.160160,13.497881,0.089929,3,0.809024,cuda,8,40,20,0.080546,0.151079,0.114059,0.051619,0.041727,0.107541,0.241016,0.215714,0.435729,0.621035,2.585900,2.030500,-0.420445,2.727000,2.191800,1.455809,2.645100,2.000800,0.890647,2.042200,1.581500,0.194217,1.826900,1.403900,0.584353,1.861200,1.420400,1.257510
9,2026-01-03 16:53:00.725617,0.020000,2000,lasso,0.020000,2000,rf,500,20,15,20,sqrt,0,4,lgbm,regression,gbdt,31,5,0.050000,500,20,0.800000,0.800000,0.100000,0.100000,0,4,-1,cuda,672,72,48,True,64,23105.127121,0.109451,0.044936,0.025000,24,12,1,1.270711,0.987329,0.094599,0.504879,0.024107,30,96,2500,3,1,3,3,5,61,0.100000,0.250000,0.500000,0.750000,0.900000,128,663.373871,21.063684,0.110080,5,0.786219,cuda,9,32,16,0.080965,0.199071,0.186001,0.126079,0.060012,0.056398,0.272824,0.166699,0.504079,1.128614,2.938000,2.280700,-0.420445,2.727000,2.191800,1.455809,2.645100,2.000800,0.890647,2.042200,1.581500,0.226816,1.828200,1.400200,0.543620,1.847300,1.411500,1.313582
0,2026-01-03 16:54:32.364072,0.020000,2000,lasso,0.020000,2000,rf,500,20,15,20,sqrt,0,4,lgbm,regression,gbdt,31,5,0.050000,500,20,0.800000,0.800000,0.100000,0.100000,0,4,-1,cuda,672,72,48,True,64,5883.885925,0.064034,0.113654,0.023607,24,12,1,1.829335,0.312681,0.222918,0.202067,0.042996,22,96,3250,7,1,3,4,3,61,0.100000,0.250000,0.500000,0.750000,0.900000,512,744.082221,10.849728,0.020038,6,0.760431,cuda,12,24,12,0.045983,0.070474,0.108633,0.098741,0.044335,0.065468,0.261552,0.285337,0.387643,0.616074,5.297000,3.939000,-0.420445,2.727000,2.191800,1.455809,2.645100,2.000800,0.890647,2.042200,1.581500,0.262440,1.862100,1.425900,0.641431,2.012200,1.525100,1.474118
1,2026-01-03 16:56:18.929260,0.020000,2000,lasso,0.020000,2000,rf,500,20,15,20,sqrt,0,4,lgbm,regression,gbdt,31,5,0.050000,500,20,0.800000,0.800000,0.100000,0.100000,0,4,-1,cuda,672,72,48,True,32,10530.126286,0.076691,0.077831,0.028935,24,12,1,1.023041,0.739086,0.232955,0.268822,0.038689,22,125,2500,7,3,5,3,5,61,0.100000,0.250000,0.500000,0.750000,0.900000,128,536.495127,16.239922,0.099224,3,0.825262,cuda,9,24,20,0.137710,0.145773,0.106535,0.037410,0.005456,0.131465,0.240199,0.165462,0.462874,0.597764,2.400600,1.876600,-0.420445,2.727000,2.191800,1.455809,2.645100,2.000800,0.890647,2.042200,1.581500,0.121225,1.877200,1.450600,0.571534,1.868400,1.433100,1.242835
2,2026-01-03 16:57:37.883051,0.020000,2000,lasso,0.020000,2000,rf,500,20,15,20,sqrt,0,4,lgbm,regression,gbdt,31,5,0.050000,500,20,0.800000,0.800000,0.100000,0.100000,0,4,-1,cuda,672,72,48,True,96,5466.791055,0.057328,0.108242,0.025441,24,12,1,1.177368,0.672222,0.255409,0.391759,0.048864,22,95,3250,7,3,5,3,3,61,0.100000,0.250000,0.500000,0.750000,0.900000,128,201.500361,10.089911,0.114478,6,0.789701,cuda,11,32,12,0.228237,0.223711,0.150659,0.021463,-0.046583,0.026626,0.253181,0.219397,0.500796,2.103379,9.034000,7.501900,-0.420445,2.727000,2.191800,1.455809,2.645100,2.000800,0.890647,2.042200,1.581500,0.303211,2.074700,1.610600,0.667937,1.901900,1.463800,1.882060
3,2026-01-03 16:58:40.878495,0.020000,2000,lasso,0.020000,2000,rf,500,20,15,20,sqrt,0,4,lgbm,regression,gbdt,31,5,0.050000,500,20,0.800000,0.800000,0.100000,0.100000,0,4,-1,cuda,672,72,48,True,128,19437.702651,0.145685,0.090170,0.019772,24,12,1,0.544207,0.426056,0.168812,0.863828,0.034531,37,160,2500,3,3,4,3,7,61,0.100000,0.250000,0.500000,0.750000,0.900000,256,159.805729,6.221295,0.093212,4,0.738428,cuda,10,32,20,0.098112,0.177908,0.147992,0.072152,0.033064,0.250745,0.225477,0.208342,0.315437,0.678118,2.315700,1.817200,-0.420445,2.727000,2.191800,1.455809,2.645100,2.000800,0.890647,2.042200,1.581500,0.160433,1.797800,1.381800,0.603267,1.983800,1.525300,1.249911
4,2026-01-03 17:00:36.911155,0.020000,2000,lasso,0.020000,2000,rf,500,20,15,20,sqrt,0,4,lgbm,regression,gbdt,31,5,0.050000,500,20,0.800000,0.800000,0.100000,0.100000,0,4,-1,cuda,672,72,48,True,64,3965.202549,0.143966,0.029646,0.025652,24,12,1,0.989101,0.982844,0.284198,0.207212,0.005534,37,125,1750,5,3,5,4,5,61,0.100000,0.250000,0.500000,0.750000,0.900000,128,157.976636,7.032975,0.020190,6,0.764519,cuda,14,32,12,0.131355,0.156535,0.104526,0.056265,0.025360,0.120640,0.251083,0.170241,0.458036,0.566719,2.647900,2.055300,-0.420445,2.727000,2.191800,1.455809,2.645100,2.000800,0.890647,2.042200,1.581500,0.212022,1.807400,1.384800,0.562329,1.850800,1.418200,1.258035
5,2026-01-03 17:01:59.405430,0.020000,2000,lasso,0.020000,2000,rf,500,20,15,20,sqrt,0,4,lgbm,regression,gbdt,31,5,0.050000,500,20,0.800000,0.800000,0.100000,0.100000,0,4,-1,cuda,672,72,48,True,32,18043.402602,0.206242,0.062757,0.022938,24,12,1,1.725562,0.946358,0.207463,0.845888,0.011267,22,128,3250,3,2,4,3,5,61,0.100000,0.250000,0.500000,0.750000,0.900000,512,266.143605,4.105903,0.022380,3,0.803280,cuda,12,32,16,0.119305,0.187800,0.185012,0.097062,0.048771,0.191887,0.251451,0.273943,0.282719,1.168269,3.113600,2.425900,-0.420445,2.727000,2.191800,1.455809,2.645100,2.000800,0.890647,2.042200,1.581500,0.226113,1.826000,1.398300,0.708493,2.117100,1.614500,1.356153
6,2026-01-03 17:03:21.553345,0.020000,2000,lasso,0.020000,2000,rf,500,20,15,20,sqrt,0,4,lgbm,regression,gbdt,31,5,0.050000,500,20,0.800000,0.800000,0.100000,0.100000,0,4,-1,cuda,672,72,48,True,128,4207.739465,0.043794,0.087898,0.018321,24,12,1,0.695730,0.329098,0.114824,0.338763,0.015939,30,160,3250,3,2,5,4,7,61,0.100000,0.250000,0.500000,0.750000,0.900000,128,817.265769,15.501190,0.033457,5,0.709356,cuda,12,24,20,0.036990,0.066847,0.113849,0.088549,0.049371,0.044199,0.265240,0.215511,0.475051,0.846531,3.864600,2.860900,-0.420445,2.727000,2.191800,1.455809,2.645100,2.000800,0.890647,2.042200,1.581500,0.182531,1.818500,1.382700,0.522079,1.813400,1.382900,1.347176
7,2026-01-03 17:04:32.193947,0.020000,2000,lasso,0.020000,2000,rf,500,20,15,20,sqrt,0,4,lgbm,regression,gbdt,31,5,0.050000,500,20,0.800000,0.800000,0.100000,0.100000,0,4,-1,cuda,672,72,48,True,96,25156.252531,0.069393,0.063695,0.015136,24,12,1,0.610586,0.403696,0.121888,0.846402,0.026233,22,125,2500,5,3,5,3,3,61,0.100000,0.250000,0.500000,0.750000,0.900000,128,272.889898,3.140828,0.036835,6,0.748784,cuda,9,40,16,0.139089,0.201169,0.158993,0.068795,0.038369,0.100336,0.271681,0.189152,0.438831,0.962059,2.641400,2.095700,-0.420445,2.727000,2.191800,1.455809,2.645100,2.000800,0.890647,2.042200,1.581500,0.224967,1.847100,1.426800,0.611578,1.912500,1.461500,1.293275
8,2026-01-03 17:06:29.346445,0.020000,2000,lasso,0.020000,2000,rf,500,20,15,20,sqrt,0,4,lgbm,regression,gbdt,31,5,0.050000,500,20,0.800000,0.800000,0.100000,0.100000,0,4,-1,cuda,672,72,48,True,32,3054.863237,0.051093,0.047871,0.025784,24,12,1,1.800761,0.635445,0.048725,0.907699,0.010052,30,128,3250,5,3,4,3,5,61,0.100000,0.250000,0.500000,0.750000,0.900000,256,1478.955131,3.443806,0.096326,6,0.737691,cuda,9,40,20,0.055126,0.082764,0.097812,0.063519,0.049670,0.046026,0.268475,0.185551,0.499948,0.632519,3.134000,2.388300,-0.420445,2.727000,2.191800,1.455809,2.645100,2.000800,0.890647,2.042200,1.581500,0.209857,1.818000,1.386300,0.505405,1.841600,1.407600,1.288164
9,2026-01-03 17:08:11.022882,0.020000,2000,lasso,0.020000,2000,rf,500,20,15,20,sqrt,0,4,lgbm,regression,gbdt,31,5,0.050000,500,20,0.800000,0.800000,0.100000,0.100000,0,4,-1,cuda,672,72,48,True,64,3700.393820,0.030329,0.059399,0.027402,24,12,1,1.600812,0.937345,0.086592,0.639362,0.041610,30,126,1750,7,2,3,4,3,61,0.100000,0.250000,0.500000,0.750000,0.900000,128,239.618627,3.049749,0.074101,4,0.824337,cuda,13,32,20,0.066427,0.135012,0.144155,0.079646,0.045983,0.081147,0.265272,0.173413,0.480167,0.813974,2.711700,2.135400,-0.420445,2.727000,2.191800,1.455809,2.645100,2.000800,0.890647,2.042200,1.581500,0.203738,1.823100,1.400700,0.563734,1.849000,1.412300,1.275660
10,2026-01-03 17:09:45.535554,0.020000,2000,lasso,0.020000,2000,rf,500,20,15,20,sqrt,0,4,lgbm,regression,gbdt,31,5,0.050000,500,20,0.800000,0.800000,0.100000,0.100000,0,4,-1,cuda,672,72,48,True,32,15975.133371,0.052065,0.046180,0.023277,24,12,1,0.520853,0.574241,0.170343,0.409121,0.024169,22,96,2500,5,3,3,4,5,61,0.100000,0.250000,0.500000,0.750000,0.900000,512,263.335768,22.675681,0.039465,5,0.816769,cuda,12,24,16,0.098681,0.135941,0.095683,0.037290,0.011930,0.227040,0.233219,0.249600,0.290142,0.407907,2.329200,1.821100,-0.420445,2.727000,2.191800,1.455809,2.645100,2.000800,0.890647,2.042200,1.581500,0.092322,1.861400,1.432800,0.564470,2.005900,1.550200,1.234788
11,2026-01-03 17:11:17.548202,0.020000,2000,lasso,0.020000,2000,rf,500,20,15,20,sqrt,0,4,lgbm,regression,gbdt,31,5,0.050000,500,20,0.800000,0.800000,0.100000,0.100000,0,4,-1,cuda,672,72,48,True,96,7601.012184,0.057229,0.088498,0.024893,24,12,1,1.579690,0.812568,0.033618,0.366275,0.041193,30,125,2500,7,2,5,3,7,61,0.100000,0.250000,0.500000,0.750000,0.900000,128,690.412087,5.893814,0.054224,3,0.781890,cuda,13,32,20,0.094245,0.102638,0.056745,0.017416,0.026169,0.109011,0.241010,0.199593,0.450386,0.296135,2.626300,2.043300,-0.420445,2.727000,2.191800,1.455809,2.645100,2.000800,0.890647,2.042200,1.581500,0.168098,1.810900,1.390600,0.499784,1.796700,1.371100,1.228497
0,2026-01-03 19:59:37.859678,0.020000,2000,lasso,0.020000,2000,rf,500,20,15,20,sqrt,0,4,lgbm,regression,gbdt,31,5,0.050000,500,20,0.800000,0.800000,0.100000,0.100000,0,4,-1,cuda,672,72,48,True,64,11317.137801,0.037218,0.090000,0.019710,24,12,1,0.697000,0.900000,0.236000,0.760000,0.042000,35,128,2100,4,3,4,5,3,61,0.100000,0.250000,0.500000,0.750000,0.900000,384,265.314652,29.998660,0.000000,3,0.835381,cuda,14,32,12,0.100510,0.182764,0.187740,0.122572,0.057704,0.190556,0.273007,0.197645,0.338792,1.049831,2.645300,2.099100,-0.420445,2.727000,2.191800,1.455809,2.645100,2.000800,0.890647,2.042200,1.581500,0.121158,1.870200,1.443900,0.699198,2.022800,1.559900,1.309477
1,2026-01-03 20:01:17.861163,0.020000,2000,lasso,0.020000,2000,rf,500,20,15,20,sqrt,0,4,lgbm,regression,gbdt,31,5,0.050000,500,20,0.800000,0.800000,0.100000,0.100000,0,4,-1,cuda,672,72,48,True,96,13201.575652,0.001373,0.130000,0.020220,24,12,1,0.567000,0.740000,0.019000,0.760000,0.047000,33,126,3800,8,3,3,5,2,61,0.100000,0.250000,0.500000,0.750000,0.900000,128,398.273050,6.515910,0.000000,6,0.839712,cuda,14,40,12,0.045504,0.070414,0.037590,0.012410,0.023771,0.126460,0.256468,0.214048,0.403023,0.163674,2.275900,1.775500,-0.420445,2.727000,2.191800,1.455809,2.645100,2.000800,0.890647,2.042200,1.581500,0.061120,1.857900,1.436000,0.481655,1.810900,1.383600,1.190923
2,2026-01-03 20:02:39.100843,0.020000,2000,lasso,0.020000,2000,rf,500,20,15,20,sqrt,0,4,lgbm,regression,gbdt,31,5,0.050000,500,20,0.800000,0.800000,0.100000,0.100000,0,4,-1,cuda,672,72,48,True,64,3974.108928,0.006931,0.120000,0.022870,24,12,1,1.824000,0.450000,0.009000,0.280000,0.013000,28,128,1700,6,3,4,4,5,61,0.100000,0.250000,0.500000,0.750000,0.900000,256,178.812661,1.281071,0.000000,4,0.718762,cuda,8,24,12,0.063010,0.113159,0.077848,0.031865,0.025929,0.282464,0.204450,0.230601,0.282485,0.390219,2.527900,1.954300,-0.420445,2.727000,2.191800,1.455809,2.645100,2.000800,0.890647,2.042200,1.581500,0.103444,1.867100,1.435200,0.591815,2.088000,1.610600,1.253726
3,2026-01-03 20:03:35.824134,0.020000,2000,lasso,0.020000,2000,rf,500,20,15,20,sqrt,0,4,lgbm,regression,gbdt,31,5,0.050000,500,20,0.800000,0.800000,0.100000,0.100000,0,4,-1,cuda,672,72,48,True,128,17652.270723,0.012405,0.110000,0.026360,24,12,1,1.818000,0.880000,0.150000,0.700000,0.037000,23,95,1500,7,2,5,2,6,61,0.100000,0.250000,0.500000,0.750000,0.900000,384,451.295961,79.771978,0.000000,3,0.617835,cuda,8,40,20,0.131865,0.205216,0.151229,0.067686,0.048082,0.127113,0.224277,0.207471,0.441139,0.919282,2.802100,2.239400,-0.420445,2.727000,2.191800,1.455809,2.645100,2.000800,0.890647,2.042200,1.581500,0.212827,1.845900,1.425800,0.647761,2.018000,1.559400,1.314341
0,2026-01-03 20:11:33.369549,0.020000,2000,lasso,0.020000,2000,rf,500,20,15,20,sqrt,0,4,lgbm,regression,gbdt,31,5,0.050000,500,20,0.800000,0.800000,0.100000,0.100000,0,4,-1,cuda,672,72,48,True,128,5700.000000,0.170000,0.030000,0.028700,24,12,1,1.848000,0.660000,0.102700,0.743000,0.023700,33,160,3900,5,2,2,4,3,61,0.100000,0.250000,0.500000,0.750000,0.900000,384,260.000000,1.200000,0.060000,5,0.659000,cuda,9,40,20,0.051109,0.071733,0.101799,0.082434,0.049341,0.122009,0.212709,0.330472,0.334811,0.712398,3.633900,2.714400,-0.420445,2.727000,2.191800,1.455809,2.645100,2.000800,0.890647,2.042200,1.581500,0.181155,1.812100,1.380200,0.711688,2.101100,1.614400,1.355350
1,2026-01-03 20:12:56.270765,0.020000,2000,lasso,0.020000,2000,rf,500,20,15,20,sqrt,0,4,lgbm,regression,gbdt,31,5,0.050000,500,20,0.800000,0.800000,0.100000,0.100000,0,4,-1,cuda,672,72,48,True,96,3500.000000,0.020000,0.120000,0.026030,24,12,1,1.323000,0.750000,0.008700,0.456000,0.047000,39,96,3800,9,3,2,2,7,61,0.100000,0.250000,0.500000,0.750000,0.900000,256,990.000000,7.600000,0.170000,3,0.783000,cuda,9,24,16,0.049400,0.076409,0.153357,0.112050,0.057254,0.045247,0.243800,0.198138,0.512815,1.044436,5.330000,3.974600,-0.420445,2.727000,2.191800,1.455809,2.645100,2.000800,0.890647,2.042200,1.581500,0.232396,1.879200,1.423100,0.631368,1.972700,1.515600,1.495964
2,2026-01-03 20:13:57.893168,0.020000,2000,lasso,0.020000,2000,rf,500,20,15,20,sqrt,0,4,lgbm,regression,gbdt,31,5,0.050000,500,20,0.800000,0.800000,0.100000,0.100000,0,4,-1,cuda,672,72,48,True,128,6400.000000,0.020000,0.050000,0.023210,24,12,1,1.045000,0.230000,0.233600,0.596000,0.026000,27,128,1700,9,2,4,4,4,61,0.100000,0.250000,0.500000,0.750000,0.900000,256,960.000000,3.600000,0.200000,4,0.801000,cuda,9,32,12,0.094394,0.200240,0.191127,0.114179,0.054886,0.115865,0.232739,0.195711,0.455685,1.029670,2.578600,2.048500,-0.420445,2.727000,2.191800,1.455809,2.645100,2.000800,0.890647,2.042200,1.581500,0.197681,1.816100,1.398000,0.614307,1.881900,1.440600,1.287630
3,2026-01-03 20:15:07.014735,0.020000,2000,lasso,0.020000,2000,rf,500,20,15,20,sqrt,0,4,lgbm,regression,gbdt,31,5,0.050000,500,20,0.800000,0.800000,0.100000,0.100000,0,4,-1,cuda,672,72,48,True,96,11900.000000,0.630000,0.090000,0.026120,24,12,1,1.197000,0.860000,0.194100,0.565000,0.006600,38,96,1900,4,1,2,5,7,61,0.100000,0.250000,0.500000,0.750000,0.900000,256,350.000000,14.700000,0.090000,4,0.748000,cuda,10,32,12,0.253237,0.425839,0.378987,0.199400,0.069574,0.076762,0.278405,0.218025,0.426809,3.176604,4.441400,3.787200,-0.420445,2.727000,2.191800,1.455809,2.645100,2.000800,0.890647,2.042200,1.581500,0.355443,1.868600,1.434100,0.754382,2.078000,1.588400,1.598542
4,2026-01-03 20:16:38.539712,0.020000,2000,lasso,0.020000,2000,rf,500,20,15,20,sqrt,0,4,lgbm,regression,gbdt,31,5,0.050000,500,20,0.800000,0.800000,0.100000,0.100000,0,4,-1,cuda,672,72,48,True,32,13500.000000,0.030000,0.110000,0.025430,24,12,1,0.965000,0.690000,0.244000,0.880000,0.033000,25,160,2200,8,1,2,2,4,61,0.100000,0.250000,0.500000,0.750000,0.900000,128,1230.000000,16.600000,0.070000,4,0.826000,cuda,13,40,16,0.234173,0.325899,0.264658,0.126439,0.045264,0.084707,0.279189,0.182816,0.453288,1.465034,2.730500,2.270800,-0.420445,2.727000,2.191800,1.455809,2.645100,2.000800,0.890647,2.042200,1.581500,0.223582,1.795400,1.378200,0.542099,1.783600,1.359100,1.326089
5,2026-01-03 20:17:53.192917,0.020000,2000,lasso,0.020000,2000,rf,500,20,15,20,sqrt,0,4,lgbm,regression,gbdt,31,5,0.050000,500,20,0.800000,0.800000,0.100000,0.100000,0,4,-1,cuda,672,72,48,True,96,7700.000000,0.030000,0.080000,0.025870,24,12,1,1.300000,0.950000,0.160000,0.951000,0.035700,22,125,1500,7,4,5,2,3,61,0.100000,0.250000,0.500000,0.750000,0.900000,384,600.000000,4.800000,0.100000,6,0.642000,cuda,13,24,16,0.047632,0.088040,0.091966,0.067056,0.044215,0.112273,0.245641,0.242936,0.399150,0.586708,2.987900,2.298700,-0.420445,2.727000,2.191800,1.455809,2.645100,2.000800,0.890647,2.042200,1.581500,0.189066,1.824300,1.394900,0.649086,1.954700,1.495900,1.290238
6,2026-01-03 20:19:33.383442,0.020000,2000,lasso,0.020000,2000,rf,500,20,15,20,sqrt,0,4,lgbm,regression,gbdt,31,5,0.050000,500,20,0.800000,0.800000,0.100000,0.100000,0,4,-1,cuda,672,72,48,True,32,6400.000000,0.020000,0.090000,0.020020,24,12,1,1.762000,0.640000,0.072400,0.673000,0.047400,34,95,3100,6,1,5,2,2,61,0.100000,0.250000,0.500000,0.750000,0.900000,384,160.000000,12.400000,0.160000,4,0.711000,cuda,11,40,12,0.127458,0.210462,0.164149,0.083513,0.037650,0.196486,0.255622,0.279032,0.268860,0.905375,2.539300,2.003500,-0.420445,2.727000,2.191800,1.455809,2.645100,2.000800,0.890647,2.042200,1.581500,0.127170,1.888900,1.459300,0.682929,2.194300,1.684300,1.307113
