run,timestamp,LR_type,LR_alpha,LR_max_iter,RF_type,RF_n_estimators,RF_max_depth,RF_min_samples_leaf,RF_min_samples_split,RF_max_features,RF_random_state,RF_n_jobs,LGBM_type,LGBM_objective,LGBM_boosting_type,LGBM_num_leaves,LGBM_max_depth,LGBM_learning_rate,LGBM_n_estimators,LGBM_min_child_samples,LGBM_subsample,LGBM_colsample_bytree,LGBM_reg_alpha,LGBM_reg_lambda,LGBM_random_state,LGBM_n_jobs,LGBM_verbose,use_ML_features,device,input_length,pred_length,valid_length,features_in_future,epochs,batch_size,model_dim,num_layers,num_heads,ffn_size,num_geo_blocks,learning_rate,weight_decay,dropout,warmup_steps,patience,min_delta,patch_length,stride,geo_block_ratio,lambda_cross,lambda_coverage,lambda_deriv,lambda_median,smoothing_cross,saturation_cold_degC,threshold_cold_degC,lambda_cold,lambda_regions,lambda_regions_sum,quantiles_0,quantiles_1,quantiles_2,quantiles_3,quantiles_4,metaNN_batch_size,metaNN_epochs,metaNN_learning_rate,metaNN_weight_decay,metaNN_dropout,metaNN_patience,metaNN_factor,metaNN_device,metaNN_num_cells_0,metaNN_num_cells_1,num_features,q10,q25,q50,q75,q90,avg_weight_meta_NN_NNTQ_q50,avg_weight_meta_NN_LR,avg_weight_meta_NN_RF,avg_weight_meta_NN_LGBM,test_NNTQ_bias,test_NNTQ_RMSE,test_NNTQ_MAE,test_LR_bias,test_LR_RMSE,test_LR_MAE,test_RF_bias,test_RF_RMSE,test_RF_MAE,test_LGBM_bias,test_LGBM_RMSE,test_LGBM_MAE,test_meta_LR_bias,test_meta_LR_RMSE,test_meta_LR_MAE,test_meta_NN_bias,test_meta_NN_RMSE,test_meta_NN_MAE,avg_abs_worst_days_test,num_runs,loss_NNTQ,loss_meta
22,2026-09-25 17:30:02.953880,ridge,0.950000,2000,rf,550,17,12,17,sqrt,0,4,lgbm,regression,gbdt,7,9,0.129000,520,14,0.740000,0.820000,0.050000,0.035000,0,4,-1,0,cuda,672,72,48,True,22,96,672,4,6,7,5,3200.000000,0.001312,0.140000,3100,6,0.048000,48,24,1,0.068000,0.012000,0.052000,0.000000,0.022000,-7.600000,-0.200000,0.170000,0.048000,0.040000,0.100000,0.250000,0.500000,0.750000,0.900000,192,16,4500.000000,25.973810,0.110000,6,0.800000,cuda,56,20,66,0.023729,-0.005139,-0.030974,-0.089854,-0.115766,0.067651,0.245501,0.247471,0.439376,-1.345714,6.728400,4.939100,-1.012139,4.937800,3.082900,-0.089540,4.940200,2.930600,0.098503,4.836800,2.961600,-1.847133,4.998800,2.740100,-0.606564,4.745200,2.716300,4.942598,5,19.230000,2.326200
23,2026-09-25 17:36:29.745020,ridge,0.900000,2000,rf,480,16,11,16,sqrt,0,4,lgbm,regression,gbdt,7,7,0.134000,540,18,0.740000,0.820000,0.050000,0.035000,0,4,-1,0,cuda,672,72,48,True,22,96,672,4,6,7,5,3200.000000,0.001312,0.140000,3100,6,0.048000,48,24,1,0.068000,0.012000,0.052000,0.000000,0.022000,-7.600000,-0.200000,0.170000,0.048000,0.040000,0.100000,0.250000,0.500000,0.750000,0.900000,192,16,4500.000000,14.508123,0.100000,6,0.820000,cuda,48,20,66,0.023729,-0.005139,-0.030974,-0.089854,-0.115766,0.081781,0.237287,0.198123,0.482810,-1.345714,6.728400,4.939100,-1.012136,4.937800,3.082900,-0.084046,4.948000,2.938400,-0.005930,4.874200,2.910900,-1.839014,5.030600,2.736300,-0.596115,4.801900,2.740400,4.942598,5,19.230000,2.318400
24,2026-09-25 17:41:56.073180,ridge,0.900000,2000,rf,240,16,11,17,sqrt,0,4,lgbm,regression,gbdt,7,7,0.136000,550,18,0.740000,0.800000,0.050000,0.030000,0,4,-1,0,cuda,672,72,48,True,22,96,672,4,6,7,5,3200.000000,0.001312,0.140000,3100,6,0.048000,48,24,1,0.068000,0.012000,0.052000,0.000000,0.022000,-7.600000,-0.200000,0.170000,0.048000,0.040000,0.100000,0.250000,0.500000,0.750000,0.900000,192,16,3500.000000,8.765338,0.130000,6,0.810000,cuda,48,20,66,0.023729,-0.005139,-0.030974,-0.089854,-0.115766,0.082123,0.285221,0.220761,0.411894,-1.345714,6.728400,4.939100,-1.012136,4.937800,3.082900,-0.071302,4.926400,2.931100,0.233552,4.906900,3.063000,-1.834646,5.021100,2.738600,-0.623206,4.785800,2.741400,4.942598,5,19.230000,2.340130
25,2026-09-25 17:46:51.852608,ridge,0.900000,2000,rf,210,16,9,17,sqrt,0,4,lgbm,regression,gbdt,7,7,0.138000,570,19,0.740000,0.800000,0.050000,0.025000,0,4,-1,0,cuda,672,72,48,True,22,96,672,4,6,7,5,3200.000000,0.001312,0.140000,3100,6,0.048000,48,24,1,0.068000,0.012000,0.052000,0.000000,0.022000,-7.600000,-0.200000,0.170000,0.048000,0.040000,0.100000,0.250000,0.500000,0.750000,0.900000,192,14,3500.000000,8.356723,0.170000,6,0.810000,cuda,48,20,66,0.023729,-0.005139,-0.030974,-0.089854,-0.115766,0.065266,0.247704,0.225487,0.461542,-1.345714,6.728400,4.939100,-1.012136,4.937800,3.082900,-0.087500,4.942800,2.940100,0.025459,4.904400,2.953300,-1.844312,5.057600,2.745200,-0.524530,4.773300,2.714800,4.942598,5,19.230000,2.318300
26,2026-09-25 17:53:26.482330,ridge,0.700000,2000,rf,550,17,8,19,sqrt,0,4,lgbm,regression,gbdt,7,7,0.143000,640,19,0.700000,0.780000,0.050000,0.005000,0,4,-1,0,cuda,672,72,48,True,22,96,672,4,6,7,5,3200.000000,0.001312,0.140000,3100,6,0.048000,48,24,1,0.068000,0.012000,0.052000,0.000000,0.022000,-7.600000,-0.200000,0.170000,0.048000,0.040000,0.100000,0.250000,0.500000,0.750000,0.900000,192,14,4000.000000,2.885472,0.170000,6,0.820000,cuda,48,28,66,0.023729,-0.005139,-0.030974,-0.089854,-0.115766,0.063223,0.246433,0.267702,0.422641,-1.345714,6.728400,4.939100,-1.012123,4.937800,3.082900,-0.102501,4.938800,2.920300,0.148511,4.907000,3.044800,-1.802433,5.001600,2.693500,-0.577376,4.771400,2.731500,4.942598,5,19.230000,2.328900
5,2026-09-25 17:55:44.007028,ridge,0.700000,2000,rf,600,27,10,18,sqrt,0,-1,lgbm,regression,gbdt,31,2,0.110000,740,15,0.700000,0.740000,0.070000,0.140000,0,-1,-1,0,cuda,672,72,48,True,22,96,672,4,6,7,5,3200.000000,0.001312,0.140000,3100,6,0.048000,48,24,1,0.068000,0.012000,0.052000,0.000000,0.022000,-7.600000,-0.200000,0.170000,0.048000,0.040000,0.100000,0.250000,0.500000,0.750000,0.900000,32,17,3000.000000,0.117890,0.160000,3,0.790000,cuda,64,8,66,0.046690,0.082173,0.110384,0.070458,0.000392,0.031554,0.249811,0.275923,0.442712,0.467621,5.744900,4.263400,-1.012123,4.937800,3.082900,-0.090200,4.935000,2.920100,-0.203080,4.860500,2.913000,-1.861734,5.031300,2.810100,-0.633833,4.790900,2.724500,4.268307,1,18.230000,2.352800
11,2026-09-25 18:09:29.173336,ridge,1.200000,2000,rf,310,15,8,15,sqrt,0,-1,lgbm,regression,gbdt,15,5,0.085000,640,22,0.840000,0.660000,0.040000,0.080000,0,-1,-1,0,cuda,672,72,48,True,22,96,672,4,6,7,5,3200.000000,0.001312,0.140000,3100,6,0.048000,48,24,1,0.068000,0.012000,0.052000,0.000000,0.022000,-7.600000,-0.200000,0.170000,0.048000,0.040000,0.100000,0.250000,0.500000,0.750000,0.900000,128,20,5000.000000,70.211507,0.070000,5,0.850000,cuda,40,12,66,-0.034323,-0.023541,-0.087340,-0.102343,-0.105681,0.133484,0.246277,0.251553,0.368686,-1.913351,6.417700,4.434000,-1.012171,4.937800,3.082900,-0.102423,4.939200,2.932700,0.354792,4.899400,3.106300,-1.841068,5.023200,2.731900,-0.796283,4.855000,2.775800,4.414915,3,18.230000,2.363300
12,2026-09-25 18:12:56.544604,ridge,1.150000,2000,rf,330,20,14,15,sqrt,0,-1,lgbm,regression,gbdt,63,4,0.164000,390,22,0.840000,0.880000,0.070000,0.050000,0,-1,-1,0,cuda,672,72,48,True,22,96,672,4,6,7,5,3200.000000,0.001312,0.140000,3100,6,0.048000,48,24,1,0.068000,0.012000,0.052000,0.000000,0.022000,-7.600000,-0.200000,0.170000,0.048000,0.040000,0.100000,0.250000,0.500000,0.750000,0.900000,640,14,2500.000000,0.450174,0.000000,6,0.600000,cuda,40,16,66,0.023729,-0.005139,-0.030974,-0.089854,-0.115766,0.084866,0.311356,0.243606,0.360171,-1.345714,6.728400,4.939100,-1.012163,4.937800,3.082900,-0.069558,4.964800,2.949700,0.125614,4.883700,2.993900,-1.859812,5.023000,2.725000,-0.617439,4.744600,2.700500,4.942598,5,19.230000,2.335070
13,2026-09-25 18:16:50.038971,ridge,0.800000,2000,rf,480,15,9,12,sqrt,0,-1,lgbm,regression,gbdt,7,8,0.099000,810,16,0.800000,0.680000,0.110000,0.000000,0,-1,-1,0,cuda,672,72,48,True,22,96,672,4,6,7,5,3200.000000,0.001312,0.140000,3100,6,0.048000,48,24,1,0.068000,0.012000,0.052000,0.000000,0.022000,-7.600000,-0.200000,0.170000,0.048000,0.040000,0.100000,0.250000,0.500000,0.750000,0.900000,96,11,5000.000000,2.285345,0.140000,5,0.850000,cuda,48,24,66,0.023729,-0.005139,-0.030974,-0.089854,-0.115766,0.114111,0.238678,0.206178,0.441033,-1.345714,6.728400,4.939100,-1.012130,4.937800,3.082900,-0.092900,4.958200,2.944500,0.326397,4.822900,3.001400,-1.816569,4.962500,2.665800,-0.844400,4.818100,2.722000,4.942598,5,19.230000,2.355600
14,2026-09-25 18:17:44.438800,ridge,1.100000,2000,rf,350,23,10,16,sqrt,0,-1,lgbm,regression,gbdt,7,1,0.064000,610,11,0.640000,0.860000,0.110000,0.080000,0,-1,-1,0,cuda,672,72,48,True,22,96,672,4,6,7,5,3200.000000,0.001312,0.140000,3100,6,0.048000,48,24,1,0.068000,0.012000,0.052000,0.000000,0.022000,-7.600000,-0.200000,0.170000,0.048000,0.040000,0.100000,0.250000,0.500000,0.750000,0.900000,256,15,3000.000000,83.713869,0.080000,4,0.760000,cuda,64,16,66,0.046690,0.082173,0.110384,0.070458,0.000392,0.021431,0.390405,0.531144,0.057021,0.467621,5.744900,4.263400,-1.012159,4.937800,3.082900,-0.088174,4.917900,2.915300,-0.024765,4.883000,3.207300,-1.937133,5.073400,2.928400,-0.577748,4.772400,2.727800,4.268307,1,18.230000,2.358500
15,2026-09-25 18:20:33.280666,ridge,0.500000,2000,rf,480,19,15,16,sqrt,0,-1,lgbm,regression,gbdt,7,6,0.139000,560,17,0.920000,0.600000,0.060000,0.025000,0,-1,-1,0,cuda,672,72,48,True,22,96,672,4,6,7,5,3200.000000,0.001312,0.140000,3100,6,0.048000,48,24,1,0.068000,0.012000,0.052000,0.000000,0.022000,-7.600000,-0.200000,0.170000,0.048000,0.040000,0.100000,0.250000,0.500000,0.750000,0.900000,192,18,2000.000000,0.006535,0.140000,6,0.760000,cuda,44,28,66,-0.034323,-0.023541,-0.087340,-0.102343,-0.105681,0.089923,0.209529,0.234549,0.465999,-1.913351,6.417700,4.434000,-1.012136,4.937800,3.082900,-0.074694,4.945400,2.945800,-0.031628,5.068200,3.053200,-1.837845,5.140900,2.768500,-0.656130,4.891200,2.756700,4.414915,3,18.230000,2.355000
16,2026-09-25 18:21:30.950298,ridge,0.800000,2000,rf,280,17,9,22,sqrt,0,-1,lgbm,regression,gbdt,63,10,0.167000,690,20,0.800000,0.900000,0.040000,0.110000,0,-1,-1,0,cuda,672,72,48,True,22,96,672,4,6,7,5,3200.000000,0.001312,0.140000,3100,6,0.048000,48,24,1,0.068000,0.012000,0.052000,0.000000,0.022000,-7.600000,-0.200000,0.170000,0.048000,0.040000,0.100000,0.250000,0.500000,0.750000,0.900000,128,13,3500.000000,0.277118,0.090000,6,0.730000,cuda,52,24,66,0.046690,0.082173,0.110384,0.070458,0.000392,0.022934,0.267882,0.266516,0.442668,0.467621,5.744900,4.263400,-1.012130,4.937800,3.082900,-0.093123,4.943000,2.926300,0.145441,5.153800,3.164300,-1.895130,5.135600,2.790200,-0.484622,4.852700,2.762000,4.268307,1,18.230000,2.363500
17,2026-09-25 18:24:55.522560,ridge,1.350000,2000,rf,400,22,13,19,sqrt,0,-1,lgbm,regression,gbdt,31,8,0.051000,390,12,0.700000,0.840000,0.070000,0.045000,0,-1,-1,0,cuda,672,72,48,True,22,96,672,4,6,7,5,3200.000000,0.001312,0.140000,3100,6,0.048000,48,24,1,0.068000,0.012000,0.052000,0.000000,0.022000,-7.600000,-0.200000,0.170000,0.048000,0.040000,0.100000,0.250000,0.500000,0.750000,0.900000,64,15,4500.000000,5.311179,0.050000,6,0.830000,cuda,64,16,66,-0.034323,-0.023541,-0.087340,-0.102343,-0.105681,0.133363,0.211233,0.191744,0.463661,-1.913351,6.417700,4.434000,-1.012191,4.937800,3.082900,-0.064517,4.957200,2.949300,0.137458,4.908000,2.996600,-1.886235,5.086600,2.734100,-0.905119,4.931000,2.790700,4.414915,3,18.230000,2.364400
18,2026-09-25 18:27:52.566729,ridge,1.050000,2000,rf,390,28,10,14,sqrt,0,-1,lgbm,regression,gbdt,15,7,0.089000,820,9,0.800000,0.720000,0.110000,0.065000,0,-1,-1,0,cuda,672,72,48,True,22,96,672,4,6,7,5,3200.000000,0.001312,0.140000,3100,6,0.048000,48,24,1,0.068000,0.012000,0.052000,0.000000,0.022000,-7.600000,-0.200000,0.170000,0.048000,0.040000,0.100000,0.250000,0.500000,0.750000,0.900000,16,17,3500.000000,1.489571,0.200000,4,0.690000,cuda,44,12,66,0.046690,0.082173,0.110384,0.070458,0.000392,0.024675,0.262717,0.324769,0.387840,0.467621,5.744900,4.263400,-1.012151,4.937800,3.082900,-0.091770,4.940400,2.922600,0.439474,4.950000,3.142100,-1.843786,5.014600,2.723000,-0.528956,4.801700,2.735700,4.268307,1,18.230000,2.361200
20,2026-09-25 18:36:53.280025,ridge,0.700000,2000,rf,510,19,16,18,sqrt,0,-1,lgbm,regression,gbdt,7,9,0.121000,460,6,0.680000,0.700000,0.150000,0.100000,0,-1,-1,0,cuda,672,72,48,True,22,96,672,4,6,7,5,3200.000000,0.001312,0.140000,3100,6,0.048000,48,24,1,0.068000,0.012000,0.052000,0.000000,0.022000,-7.600000,-0.200000,0.170000,0.048000,0.040000,0.100000,0.250000,0.500000,0.750000,0.900000,32,16,1500.000000,12.999739,0.150000,2,0.830000,cuda,60,32,66,0.023729,-0.005139,-0.030974,-0.089854,-0.115766,0.115741,0.157647,0.144072,0.582541,-1.345714,6.728400,4.939100,-1.012123,4.937800,3.082900,-0.058877,4.952700,2.947300,-0.020119,4.829500,2.859500,-1.787578,4.999700,2.689900,-0.832423,4.843600,2.729900,4.942598,5,19.230000,2.320030
21,2026-09-25 18:41:10.219966,ridge,1.400000,2000,rf,450,21,12,21,sqrt,0,-1,lgbm,regression,gbdt,63,8,0.033000,510,17,0.640000,0.840000,0.150000,0.150000,0,-1,-1,0,cuda,672,72,48,True,22,96,672,4,6,7,5,3200.000000,0.001312,0.140000,3100,6,0.048000,48,24,1,0.068000,0.012000,0.052000,0.000000,0.022000,-7.600000,-0.200000,0.170000,0.048000,0.040000,0.100000,0.250000,0.500000,0.750000,0.900000,384,20,500.000000,35.368555,0.060000,3,0.610000,cuda,56,20,66,0.023729,-0.005139,-0.030974,-0.089854,-0.115766,0.103825,0.281146,0.273188,0.341840,-1.345714,6.728400,4.939100,-1.012200,4.937800,3.082900,-0.081050,4.946100,2.934000,0.169784,4.995700,3.042700,-1.904882,5.100400,2.738400,-0.677265,4.799600,2.702600,4.942598,5,19.230000,2.358130
23,2026-09-25 18:44:46.789225,ridge,1.300000,2000,rf,380,25,13,17,sqrt,0,-1,lgbm,regression,gbdt,63,9,0.146000,410,16,0.600000,0.820000,0.130000,0.125000,0,-1,-1,0,cuda,672,72,48,True,22,96,672,4,6,7,5,3200.000000,0.001312,0.140000,3100,6,0.048000,48,24,1,0.068000,0.012000,0.052000,0.000000,0.022000,-7.600000,-0.200000,0.170000,0.048000,0.040000,0.100000,0.250000,0.500000,0.750000,0.900000,384,19,1000.000000,28.044509,0.020000,3,0.670000,cuda,48,24,66,-0.034323,-0.023541,-0.087340,-0.102343,-0.105681,0.129565,0.296013,0.261929,0.312492,-1.913351,6.417700,4.434000,-1.012186,4.937800,3.082900,-0.064331,4.945400,2.946300,0.107437,5.046000,3.084300,-1.879066,5.131200,2.756100,-0.694488,4.870200,2.768700,4.414915,3,18.230000,2.366700
24,2026-09-25 18:45:48.639601,ridge,0.800000,2000,rf,440,16,9,19,sqrt,0,-1,lgbm,regression,gbdt,63,6,0.101000,310,18,0.740000,0.640000,0.100000,0.090000,0,-1,-1,0,cuda,672,72,48,True,22,96,672,4,6,7,5,3200.000000,0.001312,0.140000,3100,6,0.048000,48,24,1,0.068000,0.012000,0.052000,0.000000,0.022000,-7.600000,-0.200000,0.170000,0.048000,0.040000,0.100000,0.250000,0.500000,0.750000,0.900000,256,18,1500.000000,55.121534,0.100000,3,0.650000,cuda,72,16,66,0.046690,0.082173,0.110384,0.070458,0.000392,0.033338,0.298959,0.255568,0.412136,0.467621,5.744900,4.263400,-1.012130,4.937800,3.082900,-0.095456,4.943200,2.928400,0.110657,5.101500,3.141300,-1.877972,5.105200,2.760000,-0.505993,4.813000,2.753400,4.268307,1,18.230000,2.352300
25,2026-09-25 18:50:33.739788,ridge,0.600000,2000,rf,510,18,13,20,sqrt,0,-1,lgbm,regression,gbdt,63,8,0.153000,600,21,0.720000,0.760000,0.140000,0.065000,0,-1,-1,0,cuda,672,72,48,True,22,96,672,4,6,7,5,3200.000000,0.001312,0.140000,3100,6,0.048000,48,24,1,0.068000,0.012000,0.052000,0.000000,0.022000,-7.600000,-0.200000,0.170000,0.048000,0.040000,0.100000,0.250000,0.500000,0.750000,0.900000,96,14,2000.000000,14.130929,0.080000,3,0.700000,cuda,52,20,66,0.023729,-0.005139,-0.030974,-0.089854,-0.115766,0.087676,0.249640,0.256421,0.406263,-1.345714,6.728400,4.939100,-1.012127,4.937800,3.082900,-0.069974,4.940600,2.938500,0.126608,4.970400,2.995000,-1.869795,5.082700,2.723700,-0.678586,4.812500,2.700100,4.942598,5,19.230000,2.350570
26,2026-09-25 18:54:37.043009,ridge,1.050000,2000,rf,200,25,11,22,sqrt,0,-1,lgbm,regression,gbdt,15,7,0.019000,500,18,0.660000,0.860000,0.080000,0.040000,0,-1,-1,0,cuda,672,72,48,True,22,96,672,4,6,7,5,3200.000000,0.001312,0.140000,3100,6,0.048000,48,24,1,0.068000,0.012000,0.052000,0.000000,0.022000,-7.600000,-0.200000,0.170000,0.048000,0.040000,0.100000,0.250000,0.500000,0.750000,0.900000,384,18,3000.000000,6.385807,0.090000,6,0.710000,cuda,60,24,66,0.023729,-0.005139,-0.030974,-0.089854,-0.115766,0.065666,0.349500,0.233800,0.351034,-1.345714,6.728400,4.939100,-1.012151,4.937800,3.082900,-0.072171,4.939700,2.930000,0.142932,4.738900,2.915800,-1.843536,4.997400,2.756000,-0.535925,4.749700,2.761900,4.942598,5,19.230000,2.316600
22,2026-09-25 18:59:09.937458,ridge,1.000000,2000,rf,200,24,18,13,sqrt,0,-1,lgbm,regression,gbdt,15,5,0.024000,450,13,0.760000,0.940000,0.090000,0.015000,0,-1,-1,0,cuda,672,72,48,True,22,96,672,4,6,7,5,3200.000000,0.001312,0.140000,3100,6,0.048000,48,24,1,0.068000,0.012000,0.052000,0.000000,0.022000,-7.600000,-0.200000,0.170000,0.048000,0.040000,0.100000,0.250000,0.500000,0.750000,0.900000,192,11,4000.000000,0.877227,0.190000,6,0.740000,cuda,72,4,66,0.023729,-0.005139,-0.030974,-0.089854,-0.115766,0.122283,0.311794,0.256577,0.309346,-1.345714,6.728400,4.939100,-1.012146,4.937800,3.082900,-0.063913,4.956700,2.955700,0.234773,4.778400,2.972600,-1.844768,5.006700,2.758100,-0.588802,4.729900,2.720300,4.942598,5,19.230000,2.330230
23,2026-09-25 19:01:57.395735,ridge,1.250000,2000,rf,210,26,11,22,sqrt,0,-1,lgbm,regression,gbdt,15,6,0.070000,480,20,0.600000,0.880000,0.080000,0.055000,0,-1,-1,0,cuda,672,72,48,True,22,96,672,4,6,7,5,3200.000000,0.001312,0.140000,3100,6,0.048000,48,24,1,0.068000,0.012000,0.052000,0.000000,0.022000,-7.600000,-0.200000,0.170000,0.048000,0.040000,0.100000,0.250000,0.500000,0.750000,0.900000,64,12,4000.000000,7.393510,0.100000,2,0.710000,cuda,44,24,66,-0.034323,-0.023541,-0.087340,-0.102343,-0.105681,0.123229,0.253014,0.217991,0.405766,-1.913351,6.417700,4.434000,-1.012177,4.937800,3.082900,-0.061736,4.927800,2.929900,0.162115,4.901700,3.009000,-1.855325,5.059000,2.728100,-0.844815,4.889400,2.777400,4.414915,3,18.230000,2.361300
24,2026-09-25 19:04:49.907377,ridge,1.100000,2000,rf,260,23,10,14,sqrt,0,-1,lgbm,regression,gbdt,15,4,0.119000,710,15,0.640000,0.800000,0.090000,0.040000,0,-1,-1,0,cuda,672,72,48,True,22,96,672,4,6,7,5,3200.000000,0.001312,0.140000,3100,6,0.048000,48,24,1,0.068000,0.012000,0.052000,0.000000,0.022000,-7.600000,-0.200000,0.170000,0.048000,0.040000,0.100000,0.250000,0.500000,0.750000,0.900000,16,17,2500.000000,15.748656,0.110000,6,0.770000,cuda,68,12,66,0.046690,0.082173,0.110384,0.070458,0.000392,0.027859,0.288725,0.296037,0.387379,0.467621,5.744900,4.263400,-1.012159,4.937800,3.082900,-0.093893,4.920100,2.917700,0.422832,4.900400,3.084500,-1.844904,4.974800,2.690200,-0.579399,4.769800,2.713700,4.268307,1,18.230000,2.354500
25,2026-09-25 19:07:35.440066,ridge,0.900000,2000,rf,230,19,8,18,sqrt,0,-1,lgbm,regression,gbdt,31,10,0.017000,650,18,0.780000,0.780000,0.080000,0.010000,0,-1,-1,0,cuda,672,72,48,True,22,96,672,4,6,7,5,3200.000000,0.001312,0.140000,3100,6,0.048000,48,24,1,0.068000,0.012000,0.052000,0.000000,0.022000,-7.600000,-0.200000,0.170000,0.048000,0.040000,0.100000,0.250000,0.500000,0.750000,0.900000,512,10,3000.000000,1.186548,0.170000,6,0.740000,cuda,60,24,66,0.023729,-0.005139,-0.030974,-0.089854,-0.115766,0.063034,0.250855,0.281154,0.404956,-1.345714,6.728400,4.939100,-1.012136,4.937800,3.082900,-0.121534,4.914900,2.895300,0.148906,4.845900,2.966800,-1.869267,5.033800,2.713900,-0.465527,4.789100,2.755300,4.942598,5,19.230000,2.320800
26,2026-09-25 19:11:38.686380,ridge,0.950000,2000,rf,290,26,11,15,sqrt,0,-1,lgbm,regression,gbdt,15,5,0.041000,350,17,0.680000,0.860000,0.060000,0.060000,0,-1,-1,0,cuda,672,72,48,True,22,96,672,4,6,7,5,3200.000000,0.001312,0.140000,3100,6,0.048000,48,24,1,0.068000,0.012000,0.052000,0.000000,0.022000,-7.600000,-0.200000,0.170000,0.048000,0.040000,0.100000,0.250000,0.500000,0.750000,0.900000,640,18,3500.000000,0.010279,0.030000,2,0.680000,cuda,52,32,66,0.023729,-0.005139,-0.030974,-0.089854,-0.115766,0.095324,0.328144,0.293381,0.283151,-1.345714,6.728400,4.939100,-1.012139,4.937800,3.082900,-0.076127,4.941200,2.931100,0.194118,4.810700,2.977000,-1.834894,5.008200,2.730200,-0.655569,4.797100,2.771200,4.942598,5,19.230000,2.333400
27,2026-09-25 19:15:11.135675,ridge,1.150000,2000,rf,240,18,9,21,sqrt,0,-1,lgbm,regression,gbdt,7,3,0.076000,560,21,0.760000,0.820000,0.040000,0.035000,0,-1,-1,0,cuda,672,72,48,True,22,96,672,4,6,7,5,3200.000000,0.001312,0.140000,3100,6,0.048000,48,24,1,0.068000,0.012000,0.052000,0.000000,0.022000,-7.600000,-0.200000,0.170000,0.048000,0.040000,0.100000,0.250000,0.500000,0.750000,0.900000,384,16,4000.000000,2.940142,0.120000,6,0.660000,cuda,56,28,66,0.023729,-0.005139,-0.030974,-0.089854,-0.115766,0.056753,0.293345,0.277721,0.372181,-1.345714,6.728400,4.939100,-1.012163,4.937800,3.082900,-0.107261,4.939900,2.917100,0.326062,4.825100,3.047100,-1.857441,5.016700,2.762600,-0.505950,4.743300,2.752800,4.942598,5,19.230000,2.342100
28,2026-09-25 19:18:41.221054,ridge,1.500000,2000,rf,200,24,12,17,sqrt,0,-1,lgbm,regression,gbdt,7,6,0.056000,420,19,0.840000,0.880000,0.080000,0.020000,0,-1,-1,0,cuda,672,72,48,True,22,96,672,4,6,7,5,3200.000000,0.001312,0.140000,3100,6,0.048000,48,24,1,0.068000,0.012000,0.052000,0.000000,0.022000,-7.600000,-0.200000,0.170000,0.048000,0.040000,0.100000,0.250000,0.500000,0.750000,0.900000,192,13,2500.000000,6.875688,0.070000,4,0.720000,cuda,56,24,66,0.023729,-0.005139,-0.030974,-0.089854,-0.115766,0.103286,0.295520,0.298980,0.302215,-1.345714,6.728400,4.939100,-1.012215,4.937800,3.082800,-0.096507,4.961500,2.939000,0.362267,4.804600,3.085300,-1.812094,4.978200,2.767200,-0.654755,4.798900,2.813300,4.942598,5,19.230000,2.354230
29,2026-09-25 19:22:36.468364,ridge,0.950000,2000,rf,350,16,14,16,sqrt,0,-1,lgbm,regression,gbdt,7,9,0.122000,520,14,0.720000,0.820000,0.050000,0.035000,0,-1,-1,0,cuda,672,72,48,True,22,96,672,4,6,7,5,3200.000000,0.001312,0.140000,3100,6,0.048000,48,24,1,0.068000,0.012000,0.052000,0.000000,0.022000,-7.600000,-0.200000,0.170000,0.048000,0.040000,0.100000,0.250000,0.500000,0.750000,0.900000,192,15,4500.000000,28.743460,0.110000,6,0.800000,cuda,44,20,66,0.023729,-0.005139,-0.030974,-0.089854,-0.115766,0.079221,0.235912,0.229749,0.455117,-1.345714,6.728400,4.939100,-1.012139,4.937800,3.082900,-0.071420,4.969400,2.960900,0.016539,4.856100,2.915700,-1.827474,5.010400,2.721000,-0.576576,4.786300,2.721000,4.942598,5,19.230000,2.318330
30,2026-09-25 19:23:32.759965,ridge,1.050000,2000,rf,360,18,15,14,sqrt,0,-1,lgbm,regression,gbdt,15,9,0.125000,490,14,0.720000,0.760000,0.060000,0.050000,0,-1,-1,0,cuda,672,72,48,True,22,96,672,4,6,7,5,3200.000000,0.001312,0.140000,3100,6,0.048000,48,24,1,0.068000,0.012000,0.052000,0.000000,0.022000,-7.600000,-0.200000,0.170000,0.048000,0.040000,0.100000,0.250000,0.500000,0.750000,0.900000,192,15,5000.000000,35.830770,0.180000,6,0.800000,cuda,40,16,66,0.046690,0.082173,0.110384,0.070458,0.000392,0.019302,0.356470,0.324237,0.299991,0.467621,5.744900,4.263400,-1.012151,4.937800,3.082900,-0.088469,4.962200,2.953300,0.575053,5.023600,3.238600,-1.832640,5.031400,2.728900,-0.382903,4.776200,2.798500,4.268307,1,18.230000,2.360400
31,2026-09-25 19:27:24.342745,ridge,0.950000,2000,rf,280,16,16,16,sqrt,0,-1,lgbm,regression,gbdt,7,7,0.132000,530,10,0.740000,0.800000,0.050000,0.035000,0,-1,-1,0,cuda,672,72,48,True,22,96,672,4,6,7,5,3200.000000,0.001312,0.140000,3100,6,0.048000,48,24,1,0.068000,0.012000,0.052000,0.000000,0.022000,-7.600000,-0.200000,0.170000,0.048000,0.040000,0.100000,0.250000,0.500000,0.750000,0.900000,192,15,4500.000000,23.463637,0.090000,6,0.810000,cuda,44,20,66,0.023729,-0.005139,-0.030974,-0.089854,-0.115766,0.080508,0.248763,0.232619,0.438111,-1.345714,6.728400,4.939100,-1.012139,4.937800,3.082900,-0.054537,4.970500,2.973400,0.232774,4.894700,3.025900,-1.807033,5.011300,2.701100,-0.591881,4.832800,2.777900,4.942598,5,19.230000,2.337430
32,2026-09-25 19:31:25.688481,ridge,0.900000,2000,rf,250,17,14,17,sqrt,0,-1,lgbm,regression,gbdt,7,8,0.109000,530,15,0.720000,0.820000,0.050000,0.030000,0,-1,-1,0,cuda,672,72,48,True,22,96,672,4,6,7,5,3200.000000,0.001312,0.140000,3100,6,0.048000,48,24,1,0.068000,0.012000,0.052000,0.000000,0.022000,-7.600000,-0.200000,0.170000,0.048000,0.040000,0.100000,0.250000,0.500000,0.750000,0.900000,192,16,3500.000000,11.033582,0.110000,6,0.790000,cuda,48,20,66,0.023729,-0.005139,-0.030974,-0.089854,-0.115766,0.079207,0.256642,0.268064,0.396087,-1.345714,6.728400,4.939100,-1.012136,4.937800,3.082900,-0.073051,4.974400,2.958900,0.020817,4.806800,2.901000,-1.819627,4.986400,2.710400,-0.651164,4.789800,2.704800,4.942598,5,19.230000,2.312330
33,2026-09-25 19:35:42.537023,ridge,0.850000,2000,rf,230,17,14,18,sqrt,0,-1,lgbm,regression,gbdt,7,9,0.107000,530,13,0.660000,0.840000,0.040000,0.030000,0,-1,-1,0,cuda,672,72,48,True,22,96,672,4,6,7,5,3200.000000,0.001312,0.140000,3100,6,0.048000,48,24,1,0.068000,0.012000,0.052000,0.000000,0.022000,-7.600000,-0.200000,0.170000,0.048000,0.040000,0.100000,0.250000,0.500000,0.750000,0.900000,192,17,3000.000000,10.534499,0.130000,6,0.790000,cuda,44,20,66,0.023729,-0.005139,-0.030974,-0.089854,-0.115766,0.082690,0.317535,0.237935,0.361841,-1.345714,6.728400,4.939100,-1.012133,4.937800,3.082900,-0.072123,4.971700,2.957000,0.321107,4.883700,3.099900,-1.838710,5.007500,2.730200,-0.613867,4.779200,2.765100,4.942598,5,19.230000,2.352700
34,2026-09-25 19:39:34.140044,ridge,0.900000,2000,rf,260,16,14,17,sqrt,0,-1,lgbm,regression,gbdt,7,8,0.115000,460,15,0.720000,0.800000,0.050000,0.010000,0,-1,-1,0,cuda,672,72,48,True,22,96,672,4,6,7,5,3200.000000,0.001312,0.140000,3100,6,0.048000,48,24,1,0.068000,0.012000,0.052000,0.000000,0.022000,-7.600000,-0.200000,0.170000,0.048000,0.040000,0.100000,0.250000,0.500000,0.750000,0.900000,192,14,3500.000000,23.829354,0.110000,6,0.750000,cuda,48,20,66,0.023729,-0.005139,-0.030974,-0.089854,-0.115766,0.065740,0.298164,0.212267,0.423829,-1.345714,6.728400,4.939100,-1.012136,4.937800,3.082900,-0.072596,4.967700,2.959100,0.026461,4.784600,2.866900,-1.817234,4.997700,2.723100,-0.641763,4.748300,2.687900,4.942598,5,19.230000,2.303670
35,2026-09-25 19:43:18.643603,ridge,0.750000,2000,rf,260,17,15,17,sqrt,0,-1,lgbm,regression,gbdt,7,8,0.154000,450,16,0.680000,0.800000,0.050000,0.000000,0,-1,-1,0,cuda,672,72,48,True,22,96,672,4,6,7,5,3200.000000,0.001312,0.140000,3100,6,0.048000,48,24,1,0.068000,0.012000,0.052000,0.000000,0.022000,-7.600000,-0.200000,0.170000,0.048000,0.040000,0.100000,0.250000,0.500000,0.750000,0.900000,192,14,3500.000000,4.681349,0.150000,6,0.750000,cuda,48,28,66,0.023729,-0.005139,-0.030974,-0.089854,-0.115766,0.072273,0.259006,0.292301,0.376421,-1.345714,6.728400,4.939100,-1.012124,4.937800,3.082900,-0.058363,4.947500,2.950600,0.416377,4.910300,3.103400,-1.712466,4.976000,2.691100,-0.470942,4.805000,2.789100,4.942598,5,19.230000,2.322100
36,2026-09-25 19:45:32.206760,ridge,0.900000,2000,rf,250,15,17,18,sqrt,0,-1,lgbm,regression,gbdt,31,8,0.087000,590,15,0.780000,0.780000,0.070000,0.010000,0,-1,-1,0,cuda,672,72,48,True,22,96,672,4,6,7,5,3200.000000,0.001312,0.140000,3100,6,0.048000,48,24,1,0.068000,0.012000,0.052000,0.000000,0.022000,-7.600000,-0.200000,0.170000,0.048000,0.040000,0.100000,0.250000,0.500000,0.750000,0.900000,384,16,4000.000000,1.748830,0.120000,6,0.780000,cuda,52,24,66,-0.034323,-0.023541,-0.087340,-0.102343,-0.105681,0.113644,0.327687,0.251163,0.307505,-1.913351,6.417700,4.434000,-1.012136,4.937800,3.082900,-0.087962,4.982600,2.976700,0.165573,4.891900,2.994000,-1.880596,5.067700,2.742800,-0.659301,4.848600,2.817600,4.414915,3,18.230000,2.349300
37,2026-09-25 19:52:34.005595,ridge,0.650000,2000,rf,300,20,12,19,sqrt,0,-1,lgbm,regression,gbdt,7,7,0.115000,490,13,0.700000,0.860000,0.060000,0.025000,0,-1,-1,0,cuda,672,72,48,True,22,96,672,4,6,7,5,3200.000000,0.001312,0.140000,3100,6,0.048000,48,24,1,0.068000,0.012000,0.052000,0.000000,0.022000,-7.600000,-0.200000,0.170000,0.048000,0.040000,0.100000,0.250000,0.500000,0.750000,0.900000,32,12,3000.000000,97.645172,0.160000,6,0.710000,cuda,60,12,66,0.023729,-0.005139,-0.030974,-0.089854,-0.115766,0.101962,0.233581,0.192334,0.472123,-1.345714,6.728400,4.939100,-1.012123,4.937800,3.082900,-0.109502,4.965600,2.936000,0.132211,4.800900,2.928100,-1.816324,4.974200,2.703800,-0.806615,4.777000,2.699700,4.942598,5,19.230000,2.337770
38,2026-09-25 19:56:41.434013,ridge,0.850000,2000,rf,220,28,14,15,sqrt,0,-1,lgbm,regression,gbdt,7,7,0.101000,620,16,0.620000,0.740000,0.050000,0.010000,0,-1,-1,0,cuda,672,72,48,True,22,96,672,4,6,7,5,3200.000000,0.001312,0.140000,3100,6,0.048000,48,24,1,0.068000,0.012000,0.052000,0.000000,0.022000,-7.600000,-0.200000,0.170000,0.048000,0.040000,0.100000,0.250000,0.500000,0.750000,0.900000,128,13,3500.000000,17.143742,0.130000,6,0.830000,cuda,48,16,66,0.023729,-0.005139,-0.030974,-0.089854,-0.115766,0.104261,0.235495,0.261815,0.398430,-1.345714,6.728400,4.939100,-1.012133,4.937800,3.082900,-0.075214,4.950800,2.948900,0.236196,4.774600,2.965500,-1.785732,4.949000,2.691500,-0.667148,4.789700,2.743200,4.942598,5,19.230000,2.324170
39,2026-09-25 19:59:00.676709,ridge,1.050000,2000,rf,320,17,8,20,sqrt,0,-1,lgbm,regression,gbdt,15,10,0.131000,670,18,0.720000,0.900000,0.070000,0.020000,0,-1,-1,0,cuda,672,72,48,True,22,96,672,4,6,7,5,3200.000000,0.001312,0.140000,3100,6,0.048000,48,24,1,0.068000,0.012000,0.052000,0.000000,0.022000,-7.600000,-0.200000,0.170000,0.048000,0.040000,0.100000,0.250000,0.500000,0.750000,0.900000,192,14,3000.000000,8.222209,0.090000,5,0.770000,cuda,48,20,66,-0.034323,-0.023541,-0.087340,-0.102343,-0.105681,0.121801,0.207454,0.308326,0.362419,-1.913351,6.417700,4.434000,-1.012151,4.937800,3.082900,-0.120242,4.935200,2.911900,0.206814,4.916700,3.033700,-1.886282,5.058900,2.743200,-0.667898,4.843500,2.754700,4.414915,3,18.230000,2.355900
40,2026-09-25 20:00:14.475018,ridge,1.200000,2000,rf,270,15,16,17,sqrt,0,-1,lgbm,regression,gbdt,7,6,0.109000,430,15,0.760000,0.780000,0.040000,0.045000,0,-1,-1,0,cuda,672,72,48,True,22,96,672,4,6,7,5,3200.000000,0.001312,0.140000,3100,6,0.048000,48,24,1,0.068000,0.012000,0.052000,0.000000,0.022000,-7.600000,-0.200000,0.170000,0.048000,0.040000,0.100000,0.250000,0.500000,0.750000,0.900000,96,19,2500.000000,54.515914,0.070000,4,0.750000,cuda,40,24,66,0.046690,0.082173,0.110384,0.070458,0.000392,0.014921,0.291200,0.285754,0.408125,0.467621,5.744900,4.263400,-1.012171,4.937800,3.082900,-0.075293,4.951800,2.962300,0.146473,4.867200,2.997900,-1.855984,5.016300,2.748800,-0.576983,4.766600,2.711200,4.268307,1,18.230000,2.336400
41,2026-09-25 20:04:07.511735,ridge,1.000000,2000,rf,340,16,14,16,sqrt,0,-1,lgbm,regression,gbdt,7,9,0.094000,550,14,0.720000,0.840000,0.050000,0.030000,0,-1,-1,0,cuda,672,72,48,True,22,96,672,4,6,7,5,3200.000000,0.001312,0.140000,3100,6,0.048000,48,24,1,0.068000,0.012000,0.052000,0.000000,0.022000,-7.600000,-0.200000,0.170000,0.048000,0.040000,0.100000,0.250000,0.500000,0.750000,0.900000,192,15,4000.000000,22.195433,0.110000,6,0.800000,cuda,44,20,66,0.023729,-0.005139,-0.030974,-0.089854,-0.115766,0.085284,0.272441,0.257662,0.384614,-1.345714,6.728400,4.939100,-1.012146,4.937800,3.082900,-0.073157,4.969300,2.960600,0.368877,4.811500,3.065000,-1.802399,4.961900,2.720300,-0.478991,4.721000,2.739700,4.942598,5,19.230000,2.330770
42,2026-09-25 20:08:07.579334,ridge,0.950000,2000,rf,220,16,15,18,sqrt,0,-1,lgbm,regression,gbdt,7,8,0.146000,480,12,0.700000,0.820000,0.050000,0.040000,0,-1,-1,0,cuda,672,72,48,True,22,96,672,4,6,7,5,3200.000000,0.001312,0.140000,3100,6,0.048000,48,24,1,0.068000,0.012000,0.052000,0.000000,0.022000,-7.600000,-0.200000,0.170000,0.048000,0.040000,0.100000,0.250000,0.500000,0.750000,0.900000,192,16,3500.000000,39.078075,0.110000,6,0.810000,cuda,48,16,66,0.023729,-0.005139,-0.030974,-0.089854,-0.115766,0.102726,0.235406,0.113035,0.548834,-1.345714,6.728400,4.939100,-1.012139,4.937800,3.082900,-0.055899,4.953200,2.959200,-0.095275,4.802900,2.862100,-1.800545,4.950200,2.658300,-0.764069,4.728300,2.653400,4.942598,5,19.230000,2.313300
43,2026-09-25 20:12:09.701962,ridge,0.900000,2000,rf,220,16,15,18,sqrt,0,-1,lgbm,regression,gbdt,7,8,0.149000,370,11,0.700000,0.800000,0.040000,0.000000,0,-1,-1,0,cuda,672,72,48,True,22,96,672,4,6,7,5,3200.000000,0.001312,0.140000,3100,6,0.048000,48,24,1,0.068000,0.012000,0.052000,0.000000,0.022000,-7.600000,-0.200000,0.170000,0.048000,0.040000,0.100000,0.250000,0.500000,0.750000,0.900000,192,16,3500.000000,57.228579,0.140000,6,0.820000,cuda,52,16,66,0.023729,-0.005139,-0.030974,-0.089854,-0.115766,0.081643,0.235747,0.277935,0.404676,-1.345714,6.728400,4.939100,-1.012136,4.937800,3.082900,-0.055899,4.953200,2.959200,0.224962,4.860900,2.973100,-1.762903,4.984900,2.700500,-0.595145,4.783400,2.700200,4.942598,5,19.230000,2.313700
44,2026-09-25 20:16:01.843225,ridge,0.900000,2000,rf,240,18,15,19,sqrt,0,-1,lgbm,regression,gbdt,7,8,0.149000,340,9,0.660000,0.820000,0.040000,0.000000,0,-1,-1,0,cuda,672,72,48,True,22,96,672,4,6,7,5,3200.000000,0.001312,0.140000,3100,6,0.048000,48,24,1,0.068000,0.012000,0.052000,0.000000,0.022000,-7.600000,-0.200000,0.170000,0.048000,0.040000,0.100000,0.250000,0.500000,0.750000,0.900000,640,17,3500.000000,48.755689,0.140000,6,0.820000,cuda,52,12,66,0.023729,-0.005139,-0.030974,-0.089854,-0.115766,0.086423,0.235580,0.213111,0.464885,-1.345714,6.728400,4.939100,-1.012136,4.937800,3.082900,-0.096863,4.961500,2.948200,-0.067200,4.815800,2.892400,-1.783407,4.979800,2.717800,-0.577689,4.748300,2.715500,4.942598,5,19.230000,2.309500
45,2026-09-25 20:19:48.151622,ridge,0.750000,2000,rf,240,18,15,19,sqrt,0,-1,lgbm,regression,gbdt,7,8,0.160000,350,8,0.680000,0.820000,0.040000,0.000000,0,-1,-1,0,cuda,672,72,48,True,22,96,672,4,6,7,5,3200.000000,0.001312,0.140000,3100,6,0.048000,48,24,1,0.068000,0.012000,0.052000,0.000000,0.022000,-7.600000,-0.200000,0.170000,0.048000,0.040000,0.100000,0.250000,0.500000,0.750000,0.900000,640,17,3500.000000,47.083336,0.140000,6,0.850000,cuda,52,12,66,0.023729,-0.005139,-0.030974,-0.089854,-0.115766,0.090567,0.228082,0.188872,0.492478,-1.345714,6.728400,4.939100,-1.012124,4.937800,3.082900,-0.096863,4.961500,2.948200,-0.038562,4.813800,2.871700,-1.810643,4.978300,2.693300,-0.531978,4.734500,2.709000,4.942598,5,19.230000,2.308030
46,2026-09-25 20:23:41.020344,ridge,0.800000,2000,rf,250,18,17,19,sqrt,0,-1,lgbm,regression,gbdt,7,8,0.160000,310,8,0.680000,0.820000,0.040000,0.005000,0,-1,-1,0,cuda,672,72,48,True,22,96,672,4,6,7,5,3200.000000,0.001312,0.140000,3100,6,0.048000,48,24,1,0.068000,0.012000,0.052000,0.000000,0.022000,-7.600000,-0.200000,0.170000,0.048000,0.040000,0.100000,0.250000,0.500000,0.750000,0.900000,640,17,3500.000000,44.311776,0.150000,6,0.850000,cuda,48,8,66,0.023729,-0.005139,-0.030974,-0.089854,-0.115766,0.094191,0.259336,0.231390,0.415083,-1.345714,6.728400,4.939100,-1.012130,4.937800,3.082900,-0.056000,4.953500,2.959300,0.038853,4.795800,2.886000,-1.802255,4.973400,2.700500,-0.557179,4.723000,2.701800,4.942598,5,19.230000,2.300630
47,2026-09-25 20:26:05.373110,ridge,0.750000,2000,rf,310,18,17,19,sqrt,0,-1,lgbm,regression,gbdt,7,10,0.162000,320,8,0.620000,0.760000,0.040000,0.005000,0,-1,-1,0,cuda,672,72,48,True,22,96,672,4,6,7,5,3200.000000,0.001312,0.140000,3100,6,0.048000,48,24,1,0.068000,0.012000,0.052000,0.000000,0.022000,-7.600000,-0.200000,0.170000,0.048000,0.040000,0.100000,0.250000,0.500000,0.750000,0.900000,640,17,4000.000000,83.052346,0.150000,5,0.850000,cuda,56,8,66,-0.034323,-0.023541,-0.087340,-0.102343,-0.105681,0.116147,0.250715,0.274292,0.358846,-1.913351,6.417700,4.434000,-1.012124,4.937800,3.082900,-0.054484,4.958200,2.961100,-0.046370,4.937300,2.969800,-1.844104,5.102600,2.776400,-0.637966,4.850800,2.767500,4.414915,3,18.230000,2.341600
48,2026-09-25 20:26:58.114380,ridge,0.750000,2000,rf,240,20,17,20,sqrt,0,-1,lgbm,regression,gbdt,7,8,0.164000,340,7,0.680000,0.840000,0.040000,0.005000,0,-1,-1,0,cuda,672,72,48,True,22,96,672,4,6,7,5,3200.000000,0.001312,0.140000,3100,6,0.048000,48,24,1,0.068000,0.012000,0.052000,0.000000,0.022000,-7.600000,-0.200000,0.170000,0.048000,0.040000,0.100000,0.250000,0.500000,0.750000,0.900000,640,17,3500.000000,47.605386,0.160000,2,0.840000,cuda,52,8,66,0.046690,0.082173,0.110384,0.070458,0.000392,0.020568,0.326501,0.275910,0.377020,0.467621,5.744900,4.263400,-1.012124,4.937800,3.082900,-0.064484,4.981800,2.961200,0.050636,4.954600,2.994800,-1.913263,5.088800,2.777900,-0.534134,4.792900,2.751300,4.268307,1,18.230000,2.343600
49,2026-09-25 20:30:59.834450,ridge,0.550000,2000,rf,290,19,18,21,sqrt,0,-1,lgbm,regression,gbdt,7,9,0.170000,300,8,0.660000,0.780000,0.060000,0.015000,0,-1,-1,0,cuda,672,72,48,True,22,96,672,4,6,7,5,3200.000000,0.001312,0.140000,3100,6,0.048000,48,24,1,0.068000,0.012000,0.052000,0.000000,0.022000,-7.600000,-0.200000,0.170000,0.048000,0.040000,0.100000,0.250000,0.500000,0.750000,0.900000,640,18,4000.000000,20.646246,0.130000,6,0.840000,cuda,52,4,66,0.023729,-0.005139,-0.030974,-0.089854,-0.115766,0.099590,0.295328,0.326975,0.278107,-1.345714,6.728400,4.939100,-1.012129,4.937800,3.082900,-0.066775,4.980900,2.976700,0.258965,4.912300,3.056400,-1.729952,5.000800,2.705500,-0.560264,4.772700,2.740500,4.942598,5,19.230000,2.326000
50,2026-09-25 20:34:42.701533,ridge,0.800000,2000,rf,260,18,16,19,sqrt,0,-1,lgbm,regression,gbdt,7,8,0.137000,380,6,0.620000,0.740000,0.050000,0.000000,0,-1,-1,0,cuda,672,72,48,True,22,96,672,4,6,7,5,3200.000000,0.001312,0.140000,3100,6,0.048000,48,24,1,0.068000,0.012000,0.052000,0.000000,0.022000,-7.600000,-0.200000,0.170000,0.048000,0.040000,0.100000,0.250000,0.500000,0.750000,0.900000,640,16,3000.000000,0.039254,0.140000,6,0.840000,cuda,48,8,66,0.023729,-0.005139,-0.030974,-0.089854,-0.115766,0.124752,0.262029,0.239396,0.373822,-1.345714,6.728400,4.939100,-1.012130,4.937800,3.082900,-0.071800,4.946700,2.943000,0.210385,4.889300,3.031700,-1.800254,4.993400,2.720800,-0.609076,4.770500,2.726900,4.942598,5,19.230000,2.329070
51,2026-09-25 20:36:59.294275,ridge,0.850000,2000,rf,250,17,15,18,sqrt,0,-1,lgbm,regression,gbdt,7,8,0.156000,340,9,0.680000,0.820000,0.050000,0.015000,0,-1,-1,0,cuda,672,72,48,True,22,96,672,4,6,7,5,3200.000000,0.001312,0.140000,3100,6,0.048000,48,24,1,0.068000,0.012000,0.052000,0.000000,0.022000,-7.600000,-0.200000,0.170000,0.048000,0.040000,0.100000,0.250000,0.500000,0.750000,0.900000,640,16,3500.000000,38.240806,0.120000,6,0.820000,cuda,48,12,66,-0.034323,-0.023541,-0.087340,-0.102343,-0.105681,0.134076,0.258467,0.287206,0.320251,-1.913351,6.417700,4.434000,-1.012133,4.937800,3.082900,-0.057912,4.943700,2.949100,0.635579,4.932500,3.226600,-1.760324,4.992400,2.749500,-0.444747,4.765400,2.754900,4.414915,3,18.230000,2.353700
52,2026-09-25 20:40:50.297177,ridge,0.650000,2000,rf,220,17,13,18,sqrt,0,-1,lgbm,regression,gbdt,7,9,0.141000,400,10,0.640000,0.820000,0.040000,0.005000,0,-1,-1,0,cuda,672,72,48,True,22,96,672,4,6,7,5,3200.000000,0.001312,0.140000,3100,6,0.048000,48,24,1,0.068000,0.012000,0.052000,0.000000,0.022000,-7.600000,-0.200000,0.170000,0.048000,0.040000,0.100000,0.250000,0.500000,0.750000,0.900000,640,17,3500.000000,72.920057,0.130000,6,0.810000,cuda,52,12,66,0.023729,-0.005139,-0.030974,-0.089854,-0.115766,0.076277,0.245950,0.243718,0.434054,-1.345714,6.728400,4.939100,-1.012123,4.937800,3.082900,-0.077787,4.957900,2.942200,0.374415,4.873200,3.064800,-1.745490,4.985500,2.722600,-0.388778,4.767600,2.755600,4.942598,5,19.230000,2.321670
53,2026-09-25 20:44:33.397487,ridge,0.950000,2000,rf,270,19,15,19,sqrt,0,-1,lgbm,regression,gbdt,7,8,0.161000,360,7,0.700000,0.840000,0.050000,0.025000,0,-1,-1,0,cuda,672,72,48,True,22,96,672,4,6,7,5,3200.000000,0.001312,0.140000,3100,6,0.048000,48,24,1,0.068000,0.012000,0.052000,0.000000,0.022000,-7.600000,-0.200000,0.170000,0.048000,0.040000,0.100000,0.250000,0.500000,0.750000,0.900000,640,16,3000.000000,41.833894,0.170000,6,0.850000,cuda,48,8,66,0.023729,-0.005139,-0.030974,-0.089854,-0.115766,0.107821,0.218381,0.320867,0.352931,-1.345714,6.728400,4.939100,-1.012139,4.937800,3.082900,-0.077454,4.949600,2.951200,0.008449,4.948600,2.988000,-1.835333,5.062400,2.751600,-0.581431,4.798200,2.719800,4.942598,5,19.230000,2.330370
54,2026-09-25 20:45:29.237938,ridge,0.800000,2000,rf,240,15,14,17,sqrt,0,-1,lgbm,regression,gbdt,31,7,0.146000,320,12,0.660000,0.820000,0.060000,0.010000,0,-1,-1,0,cuda,672,72,48,True,22,96,672,4,6,7,5,3200.000000,0.001312,0.140000,3100,6,0.048000,48,24,1,0.068000,0.012000,0.052000,0.000000,0.022000,-7.600000,-0.200000,0.170000,0.048000,0.040000,0.100000,0.250000,0.500000,0.750000,0.900000,256,18,4000.000000,10.932313,0.110000,6,0.820000,cuda,48,12,66,0.046690,0.082173,0.110384,0.070458,0.000392,0.032255,0.280703,0.252611,0.434432,0.467621,5.744900,4.263400,-1.012130,4.937800,3.082900,-0.076172,4.965200,2.965400,0.358464,4.966300,3.116400,-1.879761,5.051000,2.738800,-0.450234,4.750300,2.710600,4.268307,1,18.230000,2.345200
55,2026-09-25 20:49:07.432209,ridge,0.700000,2000,rf,290,20,16,17,sqrt,0,-1,lgbm,regression,gbdt,7,8,0.158000,470,9,0.940000,0.800000,0.040000,0.020000,0,-1,-1,0,cuda,672,72,48,True,22,96,672,4,6,7,5,3200.000000,0.001312,0.140000,3100,6,0.048000,48,24,1,0.068000,0.012000,0.052000,0.000000,0.022000,-7.600000,-0.200000,0.170000,0.048000,0.040000,0.100000,0.250000,0.500000,0.750000,0.900000,64,17,3500.000000,28.931265,0.150000,4,0.830000,cuda,56,8,66,-0.034323,-0.023541,-0.087340,-0.102343,-0.105681,0.156685,0.208492,0.182396,0.452427,-1.913351,6.417700,4.434000,-1.012123,4.937800,3.082900,-0.071565,4.948000,2.951600,0.183405,4.932900,3.023000,-1.771941,5.024600,2.718800,-0.842803,4.903200,2.789600,4.414915,3,18.230000,2.344800
56,2026-09-25 20:52:47.297882,ridge,0.850000,2000,rf,270,18,14,20,sqrt,0,-1,lgbm,regression,gbdt,7,7,0.150000,430,11,0.700000,0.880000,0.050000,0.000000,0,-1,-1,0,cuda,672,72,48,True,22,96,672,4,6,7,5,3200.000000,0.001312,0.140000,3100,6,0.048000,48,24,1,0.068000,0.012000,0.052000,0.000000,0.022000,-7.600000,-0.200000,0.170000,0.048000,0.040000,0.100000,0.250000,0.500000,0.750000,0.900000,512,16,3500.000000,0.464765,0.160000,6,0.840000,cuda,52,16,66,0.023729,-0.005139,-0.030974,-0.089854,-0.115766,0.081021,0.185348,0.236998,0.496633,-1.345714,6.728400,4.939100,-1.012133,4.937800,3.082900,-0.080887,4.963100,2.952100,0.059174,4.858500,2.951400,-1.790495,4.999700,2.711000,-0.502984,4.813500,2.788700,4.942598,5,19.230000,2.315470
57,2026-09-25 20:55:24.500986,ridge,0.750000,2000,rf,220,16,17,19,sqrt,0,-1,lgbm,regression,gbdt,7,1,0.127000,330,8,0.740000,0.860000,0.040000,0.015000,0,-1,-1,0,cuda,672,72,48,True,22,96,672,4,6,7,5,3200.000000,0.001312,0.140000,3100,6,0.048000,48,24,1,0.068000,0.012000,0.052000,0.000000,0.022000,-7.600000,-0.200000,0.170000,0.048000,0.040000,0.100000,0.250000,0.500000,0.750000,0.900000,16,15,3000.000000,97.572128,0.100000,5,0.790000,cuda,48,12,66,0.046690,0.082173,0.110384,0.070458,0.000392,0.026971,0.389937,0.571991,0.011101,0.467621,5.744900,4.263400,-1.012124,4.937800,3.082900,-0.068477,4.972900,2.970000,-0.056327,5.060700,3.302300,-1.973746,5.137100,2.984000,-0.723558,4.842800,2.772900,4.268307,1,18.230000,2.416500
58,2026-09-25 20:59:51.145095,ridge,0.900000,2000,rf,310,17,15,18,sqrt,0,-1,lgbm,regression,gbdt,7,9,0.141000,300,10,0.680000,0.820000,0.060000,0.025000,0,-1,-1,0,cuda,672,72,48,True,22,96,672,4,6,7,5,3200.000000,0.001312,0.140000,3100,6,0.048000,48,24,1,0.068000,0.012000,0.052000,0.000000,0.022000,-7.600000,-0.200000,0.170000,0.048000,0.040000,0.100000,0.250000,0.500000,0.750000,0.900000,640,19,4500.000000,62.285616,0.140000,6,0.780000,cuda,44,16,66,0.023729,-0.005139,-0.030974,-0.089854,-0.115766,0.088171,0.280512,0.252811,0.378506,-1.345714,6.728400,4.939100,-1.012136,4.937800,3.082900,-0.059096,4.953700,2.954500,0.403023,4.882800,3.079900,-1.734811,4.994600,2.738700,-0.600217,4.780200,2.748000,4.942598,5,19.230000,2.330000
59,2026-09-25 21:05:12.824859,ridge,0.650000,2000,rf,600,15,13,19,sqrt,0,-1,lgbm,regression,gbdt,7,7,0.168000,390,12,0.640000,0.760000,0.040000,0.075000,0,-1,-1,0,cuda,672,72,48,True,22,96,672,4,6,7,5,3200.000000,0.001312,0.140000,3100,6,0.048000,48,24,1,0.068000,0.012000,0.052000,0.000000,0.022000,-7.600000,-0.200000,0.170000,0.048000,0.040000,0.100000,0.250000,0.500000,0.750000,0.900000,128,18,3500.000000,17.004503,0.120000,6,0.810000,cuda,52,4,66,0.023729,-0.005139,-0.030974,-0.089854,-0.115766,0.114467,0.249846,0.265402,0.370284,-1.345714,6.728400,4.939100,-1.012123,4.937800,3.082900,-0.068578,4.958800,2.957500,0.359826,4.900600,3.071100,-1.761312,4.990700,2.689400,-0.628278,4.782500,2.735600,4.942598,5,19.230000,2.343230
60,2026-09-25 21:07:18.110605,ridge,0.900000,2000,rf,250,18,16,20,sqrt,0,-1,lgbm,regression,gbdt,31,9,0.116000,360,7,0.720000,0.900000,0.120000,0.005000,0,-1,-1,0,cuda,672,72,48,True,22,96,672,4,6,7,5,3200.000000,0.001312,0.140000,3100,6,0.048000,48,24,1,0.068000,0.012000,0.052000,0.000000,0.022000,-7.600000,-0.200000,0.170000,0.048000,0.040000,0.100000,0.250000,0.500000,0.750000,0.900000,32,17,4000.000000,38.647248,0.180000,2,0.850000,cuda,52,12,66,0.046690,0.082173,0.110384,0.070458,0.000392,0.019750,0.253881,0.292141,0.434229,0.467621,5.744900,4.263400,-1.012136,4.937800,3.082900,-0.074313,4.945700,2.941800,0.156919,4.962200,3.070000,-1.917738,5.060700,2.761800,-0.544829,4.806600,2.735500,4.268307,1,18.230000,2.353000
61,2026-09-25 21:11:55.958679,ridge,0.900000,2000,rf,210,16,15,18,sqrt,0,-1,lgbm,regression,gbdt,7,8,0.147000,370,11,0.700000,0.800000,0.040000,0.000000,0,-1,-1,0,cuda,672,72,48,True,22,96,672,4,6,7,5,3200.000000,0.001312,0.140000,3100,6,0.048000,48,24,1,0.068000,0.012000,0.052000,0.000000,0.022000,-7.600000,-0.200000,0.170000,0.048000,0.040000,0.100000,0.250000,0.500000,0.750000,0.900000,192,16,3500.000000,58.718228,0.140000,6,0.820000,cuda,52,16,66,0.023729,-0.005139,-0.030974,-0.089854,-0.115766,0.071941,0.248725,0.199530,0.479804,-1.345714,6.728400,4.939100,-1.012136,4.937800,3.082900,-0.054864,4.952200,2.959300,-0.046523,4.808900,2.861400,-1.785733,4.971900,2.694500,-0.611834,4.741800,2.692000,4.942598,5,19.230000,2.296230
62,2026-09-25 21:14:39.017260,ridge,1.000000,2000,rf,210,16,15,17,sqrt,0,-1,lgbm,regression,gbdt,7,8,0.136000,410,9,0.700000,0.780000,0.040000,0.010000,0,-1,-1,0,cuda,672,72,48,True,22,96,672,4,6,7,5,3200.000000,0.001312,0.140000,3100,6,0.048000,48,24,1,0.068000,0.012000,0.052000,0.000000,0.022000,-7.600000,-0.200000,0.170000,0.048000,0.040000,0.100000,0.250000,0.500000,0.750000,0.900000,192,16,3500.000000,27.466321,0.130000,6,0.830000,cuda,48,16,66,-0.034323,-0.023541,-0.087340,-0.102343,-0.105681,0.128331,0.227852,0.241503,0.402314,-1.913351,6.417700,4.434000,-1.012146,4.937800,3.082900,-0.054864,4.952200,2.959300,0.235496,4.931700,3.049500,-1.791837,5.062000,2.769500,-0.642760,4.879100,2.805300,4.414915,3,18.230000,2.334400
63,2026-09-25 21:19:22.645826,ridge,0.950000,2000,rf,230,19,14,18,sqrt,0,-1,lgbm,regression,gbdt,7,7,0.146000,440,11,0.700000,0.800000,0.050000,0.000000,0,-1,-1,0,cuda,672,72,48,True,22,96,672,4,6,7,5,3200.000000,0.001312,0.140000,3100,6,0.048000,48,24,1,0.068000,0.012000,0.052000,0.000000,0.022000,-7.600000,-0.200000,0.170000,0.048000,0.040000,0.100000,0.250000,0.500000,0.750000,0.900000,192,17,3500.000000,62.929311,0.140000,6,0.820000,cuda,56,16,66,0.023729,-0.005139,-0.030974,-0.089854,-0.115766,0.080082,0.227399,0.196529,0.495990,-1.345714,6.728400,4.939100,-1.012139,4.937800,3.082900,-0.079233,4.961200,2.954900,-0.132198,4.761800,2.817900,-1.815692,4.960900,2.682000,-0.625122,4.730200,2.689600,4.942598,5,19.230000,2.310330
64,2026-09-25 21:23:47.419923,ridge,0.800000,2000,rf,560,19,13,19,sqrt,0,-1,lgbm,regression,gbdt,7,7,0.157000,440,10,0.660000,0.800000,0.040000,0.000000,0,-1,-1,0,cuda,672,72,48,True,22,96,672,4,6,7,5,3200.000000,0.001312,0.140000,3100,6,0.048000,48,24,1,0.068000,0.012000,0.052000,0.000000,0.022000,-7.600000,-0.200000,0.170000,0.048000,0.040000,0.100000,0.250000,0.500000,0.750000,0.900000,640,17,4000.000000,69.682450,0.140000,6,0.790000,cuda,56,12,66,0.023729,-0.005139,-0.030974,-0.089854,-0.115766,0.113329,0.276083,0.326012,0.284576,-1.345714,6.728400,4.939100,-1.012130,4.937800,3.082900,-0.060139,4.948200,2.942600,0.382945,4.949200,3.087700,-1.784178,5.001900,2.692400,-0.470439,4.762600,2.754600,4.942598,5,19.230000,2.326530
65,2026-09-25 21:26:32.572328,ridge,0.850000,2000,rf,200,18,14,18,sqrt,0,-1,lgbm,regression,gbdt,7,6,0.152000,380,8,0.680000,0.840000,0.060000,0.005000,0,-1,-1,0,cuda,672,72,48,True,22,96,672,4,6,7,5,3200.000000,0.001312,0.140000,3100,6,0.048000,48,24,1,0.068000,0.012000,0.052000,0.000000,0.022000,-7.600000,-0.200000,0.170000,0.048000,0.040000,0.100000,0.250000,0.500000,0.750000,0.900000,256,17,3000.000000,53.503627,0.150000,6,0.830000,cuda,56,20,66,-0.034323,-0.023541,-0.087340,-0.102343,-0.105681,0.114313,0.254580,0.305730,0.325376,-1.913351,6.417700,4.434000,-1.012133,4.937800,3.082900,-0.074727,4.959400,2.951000,0.292157,4.891000,3.068200,-1.802990,5.024800,2.743000,-0.616071,4.849100,2.785300,4.414915,3,18.230000,2.346000
66,2026-09-25 21:33:03.709865,ridge,0.700000,2000,rf,230,21,14,18,sqrt,0,-1,lgbm,regression,gbdt,7,8,0.131000,780,11,0.720000,0.800000,0.050000,0.015000,0,-1,-1,0,cuda,672,72,48,True,22,96,672,4,6,7,5,3200.000000,0.001312,0.140000,3100,6,0.048000,48,24,1,0.068000,0.012000,0.052000,0.000000,0.022000,-7.600000,-0.200000,0.170000,0.048000,0.040000,0.100000,0.250000,0.500000,0.750000,0.900000,96,18,2500.000000,12.042207,0.160000,6,0.840000,cuda,52,16,66,0.023729,-0.005139,-0.030974,-0.089854,-0.115766,0.085264,0.218557,0.188058,0.508120,-1.345714,6.728400,4.939100,-1.012123,4.937800,3.082900,-0.073368,4.944100,2.938500,-0.031224,4.847700,2.932700,-1.852707,4.984100,2.704300,-0.720457,4.784700,2.704700,4.942598,5,19.230000,2.327200
67,2026-09-25 21:34:03.175924,ridge,0.950000,2000,rf,250,17,13,19,sqrt,0,-1,lgbm,regression,gbdt,63,9,0.145000,360,6,0.860000,0.720000,0.040000,0.000000,0,-1,-1,0,cuda,672,72,48,True,22,96,672,4,6,7,5,3200.000000,0.001312,0.140000,3100,6,0.048000,48,24,1,0.068000,0.012000,0.052000,0.000000,0.022000,-7.600000,-0.200000,0.170000,0.048000,0.040000,0.100000,0.250000,0.500000,0.750000,0.900000,192,15,2000.000000,20.424244,0.140000,3,0.820000,cuda,56,12,66,0.046690,0.082173,0.110384,0.070458,0.000392,0.029591,0.261264,0.298192,0.410954,0.467621,5.744900,4.263400,-1.012139,4.937800,3.082900,-0.083591,4.965900,2.945800,0.207629,5.017000,3.082400,-1.929536,5.102600,2.760700,-0.495537,4.802500,2.727500,4.268307,1,18.230000,2.356300
68,2026-09-25 21:35:35.274030,ridge,0.900000,2000,rf,420,19,14,17,sqrt,0,-1,lgbm,regression,gbdt,7,7,0.164000,340,9,0.740000,0.780000,0.050000,0.010000,0,-1,-1,0,cuda,672,72,48,True,22,96,672,4,6,7,5,3200.000000,0.001312,0.140000,3100,6,0.048000,48,24,1,0.068000,0.012000,0.052000,0.000000,0.022000,-7.600000,-0.200000,0.170000,0.048000,0.040000,0.100000,0.250000,0.500000,0.750000,0.900000,64,17,4000.000000,28.924339,0.000000,6,0.760000,cuda,56,16,66,0.046690,0.082173,0.110384,0.070458,0.000392,0.032541,0.261196,0.222358,0.483905,0.467621,5.744900,4.263400,-1.012136,4.937800,3.082900,-0.070744,4.953000,2.948700,-0.137903,4.895000,2.929700,-1.831818,5.012300,2.731800,-0.640442,4.816800,2.734400,4.268307,1,18.230000,2.344800
69,2026-09-25 21:38:35.272280,ridge,1.000000,2000,rf,280,20,15,20,sqrt,0,-1,lgbm,regression,gbdt,7,8,0.095000,400,15,0.760000,0.840000,0.060000,0.020000,0,-1,-1,0,cuda,672,72,48,True,22,96,672,4,6,7,5,3200.000000,0.001312,0.140000,3100,6,0.048000,48,24,1,0.068000,0.012000,0.052000,0.000000,0.022000,-7.600000,-0.200000,0.170000,0.048000,0.040000,0.100000,0.250000,0.500000,0.750000,0.900000,192,18,3000.000000,66.041950,0.180000,6,0.800000,cuda,52,8,66,-0.034323,-0.023541,-0.087340,-0.102343,-0.105681,0.141021,0.231595,0.326622,0.300762,-1.913351,6.417700,4.434000,-1.012146,4.937800,3.082900,-0.066289,4.960500,2.951200,0.302088,4.812200,3.009100,-1.842747,5.036300,2.765200,-0.609544,4.838300,2.780500,4.414915,3,18.230000,2.355900
70,2026-09-25 21:41:01.410199,ridge,1.100000,2000,rf,230,18,16,16,sqrt,0,-1,lgbm,regression,gbdt,7,6,0.080000,460,13,0.660000,0.800000,0.040000,0.010000,0,-1,-1,0,cuda,672,72,48,True,22,96,672,4,6,7,5,3200.000000,0.001312,0.140000,3100,6,0.048000,48,24,1,0.068000,0.012000,0.052000,0.000000,0.022000,-7.600000,-0.200000,0.170000,0.048000,0.040000,0.100000,0.250000,0.500000,0.750000,0.900000,16,14,3500.000000,0.150099,0.100000,4,0.820000,cuda,52,20,66,0.046690,0.082173,0.110384,0.070458,0.000392,0.020652,0.312220,0.349762,0.317366,0.467621,5.744900,4.263400,-1.012159,4.937800,3.082900,-0.080882,4.947000,2.941700,0.372938,4.826300,3.091600,-1.832618,4.973300,2.768000,-0.562941,4.803900,2.788000,4.268307,1,18.230000,2.357900
71,2026-09-25 21:41:51.083421,ridge,0.950000,2000,rf,210,16,15,18,sqrt,0,-1,lgbm,regression,gbdt,7,8,0.148000,850,12,0.700000,0.820000,0.050000,0.000000,0,-1,-1,0,cuda,672,72,48,True,22,96,672,4,6,7,5,3200.000000,0.001312,0.140000,3100,6,0.048000,48,24,1,0.068000,0.012000,0.052000,0.000000,0.022000,-7.600000,-0.200000,0.170000,0.048000,0.040000,0.100000,0.250000,0.500000,0.750000,0.900000,192,16,3500.000000,42.529328,0.080000,6,0.810000,cuda,48,16,66,0.046690,0.082173,0.110384,0.070458,0.000392,0.020761,0.241674,0.213334,0.524231,0.467621,5.744900,4.263400,-1.012139,4.937800,3.082900,-0.054864,4.952200,2.959300,-0.053411,4.909500,2.985100,-1.862386,4.980700,2.705800,-0.691669,4.762100,2.682700,4.268307,1,18.230000,2.340000
