run,timestamp,LR_type,LR_alpha,LR_max_iter,RF_type,RF_n_estimators,RF_max_depth,RF_min_samples_leaf,RF_min_samples_split,RF_max_features,RF_random_state,RF_n_jobs,LGBM_type,LGBM_objective,LGBM_boosting_type,LGBM_num_leaves,LGBM_max_depth,LGBM_learning_rate,LGBM_n_estimators,LGBM_min_child_samples,LGBM_subsample,LGBM_colsample_bytree,LGBM_reg_alpha,LGBM_reg_lambda,LGBM_random_state,LGBM_n_jobs,LGBM_verbose,device,input_length,pred_length,valid_length,features_in_future,epochs,batch_size,model_dim,num_layers,num_heads,ffn_size,num_geo_blocks,learning_rate,weight_decay,dropout,warmup_steps,patience,min_delta,patch_length,stride,geo_block_ratio,lambda_cross,lambda_coverage,lambda_deriv,lambda_median,smoothing_cross,saturation_cold_degC,threshold_cold_degC,lambda_cold,lambda_regions,num_patches,quantiles_0,quantiles_1,quantiles_2,quantiles_3,quantiles_4,metaNN_batch_size,metaNN_epochs,metaNN_learning_rate,metaNN_weight_decay,metaNN_dropout,metaNN_patience,metaNN_factor,metaNN_device,metaNN_num_cells_0,metaNN_num_cells_1,num_features,q10,q25,q50,q75,q90,avg_weight_meta_NN_NNTQ,avg_weight_meta_NN_LR,avg_weight_meta_NN_RF,avg_weight_meta_NN_LGBM,test_NNTQ_bias,test_NNTQ_RMSE,test_NNTQ_MAE,test_LR_bias,test_LR_RMSE,test_LR_MAE,test_RF_bias,test_RF_RMSE,test_RF_MAE,test_LGBM_bias,test_LGBM_RMSE,test_LGBM_MAE,test_meta_LR_bias,test_meta_LR_RMSE,test_meta_LR_MAE,test_meta_NN_bias,test_meta_NN_RMSE,test_meta_NN_MAE,avg_abs_worst_days_test,loss_NNTQ,loss_meta
0,2026-01-14 19:21:03.804575,ridge,0.250000,2000,rf,350,15,15,20,sqrt,0,4,lgbm,regression,gbdt,31,5,0.020000,500,25,0.600000,0.700000,0.100000,0.100000,0,4,-1,cuda,672,72,48,True,45,128,252,3,7,4,7,9400.000000,0.664469,0.050000,3000,5,0.040000,24,12,1,0.064000,0.360000,0.036000,0.056000,0.027000,-7.600000,4.800000,0.150000,0.060000,61,0.100000,0.250000,0.500000,0.750000,0.900000,256,1,500.000000,6.000000,0.100000,4,0.700000,cuda,40,20,58,0.536930,0.419130,0.185957,-0.060660,-0.214429,0.220482,0.210521,0.293347,0.275650,3.415853,10.536800,8.751100,0.172840,2.834700,2.196800,1.464153,2.700400,1.977600,1.407756,2.381400,1.795900,0.218260,2.209900,1.690200,1.420069,3.531100,2.679400,8.764332,89.781000,1.801400
1,2026-01-14 19:21:32.074916,ridge,0.250000,2000,rf,350,15,15,20,sqrt,0,4,lgbm,regression,gbdt,31,5,0.020000,500,25,0.600000,0.700000,0.100000,0.100000,0,4,-1,cuda,672,72,48,True,22,128,102,3,6,3,7,9400.000000,5.601106,0.170000,3000,5,0.040000,24,12,1,0.056000,0.280000,0.092000,0.056000,0.039000,-3.200000,0.800000,0.110000,0.000000,61,0.100000,0.250000,0.500000,0.750000,0.900000,256,1,500.000000,6.000000,0.100000,4,0.700000,cuda,40,20,58,0.576727,0.413936,0.174056,-0.083897,-0.220810,0.160804,0.291672,0.285742,0.261781,3.280189,10.802500,9.038200,0.172840,2.834700,2.196800,1.464153,2.700400,1.977600,1.407756,2.381400,1.795900,0.201199,2.236900,1.714300,1.510202,3.865800,2.642000,9.055943,93.450000,1.855400
2,2026-01-14 19:22:02.961452,ridge,0.250000,2000,rf,350,15,15,20,sqrt,0,4,lgbm,regression,gbdt,31,5,0.020000,500,25,0.600000,0.700000,0.100000,0.100000,0,4,-1,cuda,672,72,48,True,43,96,350,3,7,3,7,4200.000000,0.001460,0.200000,4000,5,0.034000,24,12,1,0.096000,0.260000,0.000000,0.080000,0.007000,-4.000000,4.000000,0.070000,0.020000,61,0.100000,0.250000,0.500000,0.750000,0.900000,256,1,500.000000,6.000000,0.100000,4,0.700000,cuda,40,20,58,0.554440,0.423047,0.177232,-0.064429,-0.207396,0.157035,0.257448,0.307913,0.277604,3.009002,10.176800,8.472800,0.172840,2.834700,2.196800,1.464153,2.700400,1.977600,1.407756,2.381400,1.795900,0.218639,2.184100,1.670300,1.260898,3.307600,2.436000,8.488688,90.438000,1.711700
3,2026-01-14 19:22:29.936031,ridge,0.250000,2000,rf,350,15,15,20,sqrt,0,4,lgbm,regression,gbdt,31,5,0.020000,500,25,0.600000,0.700000,0.100000,0.100000,0,4,-1,cuda,672,72,48,True,43,128,124,2,4,4,4,5800.000000,0.012634,0.160000,3000,4,0.038000,24,12,1,0.048000,0.160000,0.064000,0.040000,0.007000,-7.700000,3.500000,0.110000,0.080000,61,0.100000,0.250000,0.500000,0.750000,0.900000,256,1,500.000000,6.000000,0.100000,4,0.700000,cuda,40,20,58,0.565628,0.421979,0.168863,-0.082028,-0.228674,0.212468,0.265947,0.279942,0.241642,3.044658,10.724200,8.863600,0.172840,2.834700,2.196800,1.464153,2.700400,1.977600,1.407756,2.381400,1.795900,0.212803,2.242200,1.722800,1.153429,4.060500,2.772400,8.879786,92.834000,1.814400
4,2026-01-14 19:22:57.995098,ridge,0.250000,2000,rf,350,15,15,20,sqrt,0,4,lgbm,regression,gbdt,31,5,0.020000,500,25,0.600000,0.700000,0.100000,0.100000,0,4,-1,cuda,672,72,48,True,42,64,276,1,4,4,4,9000.000000,0.278004,0.180000,4000,3,0.034000,24,12,1,0.040000,0.260000,0.028000,0.024000,0.007000,-2.200000,4.100000,0.070000,0.100000,61,0.100000,0.250000,0.500000,0.750000,0.900000,256,1,500.000000,6.000000,0.100000,4,0.700000,cuda,40,20,58,0.559900,0.418922,0.166637,-0.074697,-0.203419,0.220850,0.286464,0.242926,0.249760,2.836019,10.486500,8.636900,0.172840,2.834700,2.196800,1.464153,2.700400,1.977600,1.407756,2.381400,1.795900,0.197931,2.221600,1.701500,1.318069,3.970300,2.891900,8.657852,90.762000,1.850200
5,2026-01-14 19:23:26.831513,ridge,0.250000,2000,rf,350,15,15,20,sqrt,0,4,lgbm,regression,gbdt,31,5,0.020000,500,25,0.600000,0.700000,0.100000,0.100000,0,4,-1,cuda,672,72,48,True,39,96,322,1,7,2,4,11000.000000,4.310874,0.140000,2500,5,0.038000,24,12,1,0.040000,0.340000,0.088000,0.056000,0.041000,-2.600000,1.300000,0.130000,0.080000,61,0.100000,0.250000,0.500000,0.750000,0.900000,256,1,500.000000,6.000000,0.100000,4,0.700000,cuda,40,20,58,0.556398,0.420554,0.170673,-0.075588,-0.213064,0.222065,0.295601,0.223751,0.258583,3.059010,10.538700,8.739000,0.172840,2.834700,2.196800,1.464153,2.700400,1.977600,1.407756,2.381400,1.795900,0.205785,2.219500,1.703000,1.437448,4.060000,2.973400,8.755124,91.176000,1.896600
6,2026-01-14 19:23:55.961934,ridge,0.250000,2000,rf,350,15,15,20,sqrt,0,4,lgbm,regression,gbdt,31,5,0.020000,500,25,0.600000,0.700000,0.100000,0.100000,0,4,-1,cuda,672,72,48,True,28,96,252,3,6,3,6,5800.000000,0.768712,0.020000,1500,4,0.030000,24,12,1,0.016000,0.380000,0.004000,0.032000,0.035000,-5.500000,0.700000,0.190000,0.080000,61,0.100000,0.250000,0.500000,0.750000,0.900000,256,1,500.000000,6.000000,0.100000,4,0.700000,cuda,40,20,58,0.545240,0.401264,0.172780,-0.060779,-0.205674,0.199648,0.251585,0.326500,0.222266,2.929535,10.056100,8.319800,0.172840,2.834700,2.196800,1.464153,2.700400,1.977600,1.407756,2.381400,1.795900,0.210677,2.183000,1.667600,1.209815,3.612200,2.681000,8.335258,88.301000,1.760300
7,2026-01-14 19:24:27.444845,ridge,0.250000,2000,rf,350,15,15,20,sqrt,0,4,lgbm,regression,gbdt,31,5,0.020000,500,25,0.600000,0.700000,0.100000,0.100000,0,4,-1,cuda,672,72,48,True,32,64,252,1,7,2,7,4200.000000,9.485081,0.020000,4000,6,0.038000,24,12,1,0.016000,0.300000,0.020000,0.096000,0.027000,-5.700000,3.700000,0.190000,0.040000,61,0.100000,0.250000,0.500000,0.750000,0.900000,256,1,500.000000,6.000000,0.100000,4,0.700000,cuda,40,20,58,0.550819,0.427380,0.166548,-0.088735,-0.229891,0.172638,0.225614,0.331705,0.270043,3.160568,10.674500,8.953100,0.172840,2.834700,2.196800,1.464153,2.700400,1.977600,1.407756,2.381400,1.795900,0.192447,2.218300,1.697000,1.438308,3.638500,2.588900,8.969508,92.098000,1.805400
8,2026-01-14 19:24:58.253781,ridge,0.250000,2000,rf,350,15,15,20,sqrt,0,4,lgbm,regression,gbdt,31,5,0.020000,500,25,0.600000,0.700000,0.100000,0.100000,0,4,-1,cuda,672,72,48,True,28,64,352,3,8,3,8,9800.000000,3.987491,0.130000,2500,3,0.034000,24,12,1,0.096000,0.160000,0.096000,0.072000,0.009000,-2.500000,3.800000,0.190000,0.100000,61,0.100000,0.250000,0.500000,0.750000,0.900000,256,1,500.000000,6.000000,0.100000,4,0.700000,cuda,40,20,58,0.558565,0.405063,0.169783,-0.066803,-0.228051,0.156487,0.207996,0.332697,0.302821,3.076773,10.486300,8.719400,0.172840,2.834700,2.196800,1.464153,2.700400,1.977600,1.407756,2.381400,1.795900,0.201719,2.220300,1.703900,1.154750,3.528800,2.449000,8.734071,91.201000,1.716100
9,2026-01-14 19:25:29.227184,ridge,0.250000,2000,rf,350,15,15,20,sqrt,0,4,lgbm,regression,gbdt,31,5,0.020000,500,25,0.600000,0.700000,0.100000,0.100000,0,4,-1,cuda,672,72,48,True,36,64,224,1,8,3,6,9400.000000,0.016908,0.200000,4000,5,0.038000,24,12,1,0.088000,0.380000,0.048000,0.080000,0.013000,-3.200000,0.600000,0.090000,0.000000,61,0.100000,0.250000,0.500000,0.750000,0.900000,256,1,500.000000,6.000000,0.100000,4,0.700000,cuda,40,20,58,0.527701,0.394053,0.166667,-0.047068,-0.199353,0.161924,0.265000,0.310044,0.263032,3.064058,10.199800,8.370400,0.172840,2.834700,2.196800,1.464153,2.700400,1.977600,1.407756,2.381400,1.795900,0.226270,2.204200,1.691500,1.425332,3.356100,2.463600,8.386596,86.362000,1.759800
10,2026-01-14 19:26:07.538183,ridge,0.250000,2000,rf,350,15,15,20,sqrt,0,4,lgbm,regression,gbdt,31,5,0.020000,500,25,0.600000,0.700000,0.100000,0.100000,0,4,-1,cuda,672,72,48,True,36,64,176,2,8,2,10,7400.000000,0.019535,0.250000,1500,6,0.030000,24,12,1,0.080000,0.200000,0.060000,0.000000,0.019000,-4.100000,2.200000,0.050000,0.000000,61,0.100000,0.250000,0.500000,0.750000,0.900000,256,1,500.000000,6.000000,0.100000,4,0.700000,cuda,40,20,58,0.369700,0.253264,0.186877,0.003650,-0.106078,0.212044,0.222700,0.309807,0.255449,2.020442,7.090900,5.628300,0.172840,2.834700,2.196800,1.464153,2.700400,1.977600,1.407756,2.381400,1.795900,0.198403,2.020200,1.505500,1.109446,3.004000,2.235000,5.646146,58.377000,1.601500
11,2026-01-14 19:26:40.626629,ridge,0.250000,2000,rf,350,15,15,20,sqrt,0,4,lgbm,regression,gbdt,31,5,0.020000,500,25,0.600000,0.700000,0.100000,0.100000,0,4,-1,cuda,672,72,48,True,36,64,176,2,8,2,10,7400.000000,0.021381,0.250000,1500,6,0.030000,24,12,1,0.080000,0.200000,0.060000,0.000000,0.019000,-4.200000,2.100000,0.050000,0.000000,61,0.100000,0.250000,0.500000,0.750000,0.900000,256,1,500.000000,6.000000,0.100000,4,0.700000,cuda,40,20,58,0.371955,0.272198,0.154202,-0.005015,-0.138278,0.124941,0.308886,0.322336,0.243837,1.917296,8.135800,6.262800,0.172840,2.834700,2.196800,1.464153,2.700400,1.977600,1.407756,2.381400,1.795900,0.205538,2.070600,1.552700,1.158980,2.697100,2.060200,6.276973,61.632000,1.565200
12,2026-01-14 19:27:13.584499,ridge,0.250000,2000,rf,350,15,15,20,sqrt,0,4,lgbm,regression,gbdt,31,5,0.020000,500,25,0.600000,0.700000,0.100000,0.100000,0,4,-1,cuda,672,72,48,True,35,64,176,2,8,2,10,7400.000000,0.021431,0.250000,1500,6,0.030000,24,12,1,0.072000,0.100000,0.068000,0.000000,0.017000,-4.600000,2.100000,0.050000,0.020000,61,0.100000,0.250000,0.500000,0.750000,0.900000,256,1,500.000000,6.000000,0.100000,4,0.700000,cuda,40,20,58,0.408666,0.343008,0.178805,0.024098,-0.113349,0.182020,0.231870,0.279032,0.307077,2.846452,8.562200,6.814000,0.172840,2.834700,2.196800,1.464153,2.700400,1.977600,1.407756,2.381400,1.795900,0.200556,2.112600,1.610200,1.365270,3.044000,2.328500,6.824048,68.099000,1.684300
13,2026-01-14 19:27:46.020735,ridge,0.250000,2000,rf,350,15,15,20,sqrt,0,4,lgbm,regression,gbdt,31,5,0.020000,500,25,0.600000,0.700000,0.100000,0.100000,0,4,-1,cuda,672,72,48,True,31,64,175,2,5,2,10,7400.000000,0.069391,0.240000,2000,6,0.032000,24,12,1,0.080000,0.200000,0.072000,0.000000,0.019000,-6.300000,2.400000,0.050000,0.020000,61,0.100000,0.250000,0.500000,0.750000,0.900000,256,1,500.000000,6.000000,0.100000,4,0.700000,cuda,40,20,58,0.439233,0.353395,0.176045,-0.032348,-0.162999,0.240653,0.228245,0.311693,0.219409,2.468217,8.586400,6.982200,0.172840,2.834700,2.196800,1.464153,2.700400,1.977600,1.407756,2.381400,1.795900,0.143663,2.167200,1.644900,1.270635,3.665600,2.644000,6.994051,73.310000,1.766100
14,2026-01-14 19:28:18.266032,ridge,0.250000,2000,rf,350,15,15,20,sqrt,0,4,lgbm,regression,gbdt,31,5,0.020000,500,25,0.600000,0.700000,0.100000,0.100000,0,4,-1,cuda,672,72,48,True,38,64,176,2,8,2,9,6200.000000,0.002711,0.220000,2000,6,0.032000,24,12,1,0.072000,0.200000,0.056000,0.016000,0.051000,-4.200000,1.700000,0.050000,0.000000,61,0.100000,0.250000,0.500000,0.750000,0.900000,256,1,500.000000,6.000000,0.100000,4,0.700000,cuda,40,20,58,0.422822,0.378917,0.177143,-0.036236,-0.150267,0.184339,0.274223,0.262301,0.279137,2.474790,8.863900,7.043300,0.172840,2.834700,2.196800,1.464153,2.700400,1.977600,1.407756,2.381400,1.795900,0.118426,2.191800,1.664600,1.183186,3.383200,2.435100,7.057792,72.775000,1.691700
15,2026-01-14 19:28:51.047610,ridge,0.250000,2000,rf,350,15,15,20,sqrt,0,4,lgbm,regression,gbdt,31,5,0.020000,500,25,0.600000,0.700000,0.100000,0.100000,0,4,-1,cuda,672,72,48,True,35,64,150,2,6,2,9,8200.000000,0.065201,0.100000,1500,6,0.030000,24,12,1,0.000000,0.200000,0.044000,0.016000,0.021000,-3.600000,2.900000,0.090000,0.040000,61,0.100000,0.250000,0.500000,0.750000,0.900000,256,1,500.000000,6.000000,0.100000,4,0.700000,cuda,40,20,58,0.416619,0.319741,0.148920,0.023979,-0.099074,0.250080,0.204829,0.225890,0.319201,2.005205,8.002200,6.168900,0.172840,2.834700,2.196800,1.464153,2.700400,1.977600,1.407756,2.381400,1.795900,0.212522,2.079700,1.574400,1.471590,3.477100,2.482300,6.178227,65.527000,1.770700
16,2026-01-14 19:29:23.686141,ridge,0.250000,2000,rf,350,15,15,20,sqrt,0,4,lgbm,regression,gbdt,31,5,0.020000,500,25,0.600000,0.700000,0.100000,0.100000,0,4,-1,cuda,672,72,48,True,29,64,200,2,8,2,9,3000.000000,0.005720,0.250000,2000,6,0.032000,24,12,1,0.080000,0.100000,0.080000,0.008000,0.025000,-5.100000,3.000000,0.150000,0.020000,61,0.100000,0.250000,0.500000,0.750000,0.900000,256,1,500.000000,6.000000,0.100000,4,0.700000,cuda,40,20,58,0.544409,0.399187,0.166785,-0.056950,-0.189678,0.170793,0.194702,0.260705,0.373800,2.806654,10.030700,8.272400,0.172840,2.834700,2.196800,1.464153,2.700400,1.977600,1.407756,2.381400,1.795900,0.211451,2.195500,1.681100,1.477680,3.357700,2.495500,8.288630,87.348000,1.772500
17,2026-01-14 19:29:53.561379,ridge,0.250000,2000,rf,350,15,15,20,sqrt,0,4,lgbm,regression,gbdt,31,5,0.020000,500,25,0.600000,0.700000,0.100000,0.100000,0,4,-1,cuda,672,72,48,True,21,64,126,2,7,2,10,6600.000000,0.152259,0.220000,1500,4,0.030000,24,12,1,0.064000,0.140000,0.056000,0.000000,0.033000,-6.500000,0.000000,0.070000,0.000000,61,0.100000,0.250000,0.500000,0.750000,0.900000,256,1,500.000000,6.000000,0.100000,4,0.700000,cuda,40,20,58,0.530935,0.397555,0.192961,-0.070542,-0.194991,0.168364,0.251835,0.270992,0.308809,3.554679,10.401400,8.656400,0.172840,2.834700,2.196800,1.464153,2.700400,1.977600,1.407756,2.381400,1.795900,0.211485,2.202400,1.681800,1.562258,3.371900,2.490300,8.666237,87.426000,1.792700
18,2026-01-14 19:30:21.829364,ridge,0.250000,2000,rf,350,15,15,20,sqrt,0,4,lgbm,regression,gbdt,31,5,0.020000,500,25,0.600000,0.700000,0.100000,0.100000,0,4,-1,cuda,672,72,48,True,39,128,200,1,5,2,8,8200.000000,0.036148,0.100000,2000,6,0.032000,24,12,1,0.088000,0.220000,0.080000,0.024000,0.013000,-4.600000,1.600000,0.090000,0.040000,61,0.100000,0.250000,0.500000,0.750000,0.900000,256,1,500.000000,6.000000,0.100000,4,0.700000,cuda,40,20,58,0.488230,0.375237,0.168002,-0.057544,-0.199947,0.213535,0.274088,0.268652,0.243725,2.707685,9.773100,7.988400,0.172840,2.834700,2.196800,1.464153,2.700400,1.977600,1.407756,2.381400,1.795900,0.215884,2.168700,1.657700,1.403153,3.438300,2.604700,8.000791,81.624000,1.774700
19,2026-01-14 19:30:51.324411,ridge,0.250000,2000,rf,350,15,15,20,sqrt,0,4,lgbm,regression,gbdt,31,5,0.020000,500,25,0.600000,0.700000,0.100000,0.100000,0,4,-1,cuda,672,72,48,True,33,96,152,2,8,3,9,5000.000000,0.006491,0.220000,3500,5,0.036000,24,12,1,0.056000,0.220000,0.056000,0.040000,0.023000,-3.700000,2.200000,0.050000,0.060000,61,0.100000,0.250000,0.500000,0.750000,0.900000,256,1,500.000000,6.000000,0.100000,4,0.700000,cuda,40,20,58,0.572424,0.416192,0.168566,-0.076241,-0.226893,0.167838,0.250783,0.281918,0.299461,2.955785,10.552800,8.747400,0.172840,2.834700,2.196800,1.464153,2.700400,1.977600,1.407756,2.381400,1.795900,0.205452,2.222900,1.702100,1.599172,3.609600,2.632600,8.768645,92.821000,1.844700
20,2026-01-14 19:31:23.774494,ridge,0.250000,2000,rf,350,15,15,20,sqrt,0,4,lgbm,regression,gbdt,31,5,0.020000,500,25,0.600000,0.700000,0.100000,0.100000,0,4,-1,cuda,672,72,48,True,26,64,102,2,6,3,8,8200.000000,0.001749,0.200000,2500,6,0.030000,24,12,1,0.032000,0.320000,0.040000,0.016000,0.013000,-4.800000,2.900000,0.210000,0.000000,61,0.100000,0.250000,0.500000,0.750000,0.900000,256,1,500.000000,6.000000,0.100000,4,0.700000,cuda,40,20,58,0.493631,0.402244,0.157229,-0.070572,-0.179944,0.229947,0.245768,0.217483,0.306801,2.502474,9.760500,7.973900,0.172840,2.834700,2.196800,1.464153,2.700400,1.977600,1.407756,2.381400,1.795900,0.210016,2.176200,1.664700,1.252780,4.169500,2.851500,7.995273,82.352000,1.850100
21,2026-01-14 19:31:56.819735,ridge,0.250000,2000,rf,350,15,15,20,sqrt,0,4,lgbm,regression,gbdt,31,5,0.020000,500,25,0.600000,0.700000,0.100000,0.100000,0,4,-1,cuda,672,72,48,True,35,64,150,2,5,2,10,8200.000000,0.087381,0.080000,1500,6,0.030000,24,12,1,0.024000,0.180000,0.044000,0.008000,0.021000,-3.300000,2.900000,0.090000,0.040000,61,0.100000,0.250000,0.500000,0.750000,0.900000,256,1,500.000000,6.000000,0.100000,4,0.700000,cuda,40,20,58,0.358007,0.285880,0.198302,0.002879,-0.111212,0.178948,0.295175,0.257993,0.267884,2.696084,7.828800,6.032900,0.172840,2.834700,2.196800,1.464153,2.700400,1.977600,1.407756,2.381400,1.795900,0.212624,2.059400,1.561000,1.367201,3.131600,2.272600,6.038768,60.014000,1.683900
22,2026-01-14 19:32:29.758559,ridge,0.250000,2000,rf,350,15,15,20,sqrt,0,4,lgbm,regression,gbdt,31,5,0.020000,500,25,0.600000,0.700000,0.100000,0.100000,0,4,-1,cuda,672,72,48,True,38,64,150,2,5,2,10,7000.000000,0.142864,0.100000,1500,6,0.032000,24,12,1,0.024000,0.160000,0.024000,0.008000,0.017000,-2.900000,2.700000,0.070000,0.020000,61,0.100000,0.250000,0.500000,0.750000,0.900000,256,1,500.000000,6.000000,0.100000,4,0.700000,cuda,40,20,58,0.377356,0.279024,0.177588,-0.004481,-0.141186,0.140934,0.306799,0.271799,0.280468,2.084524,7.704700,6.061400,0.172840,2.834700,2.196800,1.464153,2.700400,1.977600,1.407756,2.381400,1.795900,0.229182,2.054500,1.544500,1.212296,2.906100,2.132200,6.075755,62.319000,1.609500
23,2026-01-14 19:33:02.443023,ridge,0.250000,2000,rf,350,15,15,20,sqrt,0,4,lgbm,regression,gbdt,31,5,0.020000,500,25,0.600000,0.700000,0.100000,0.100000,0,4,-1,cuda,672,72,48,True,34,64,200,2,5,2,10,7800.000000,0.009522,0.060000,2000,6,0.030000,24,12,1,0.008000,0.240000,0.064000,0.008000,0.033000,-3.900000,1.900000,0.110000,0.040000,61,0.100000,0.250000,0.500000,0.750000,0.900000,256,1,500.000000,6.000000,0.100000,4,0.700000,cuda,40,20,58,0.410921,0.264453,0.176994,-0.004125,-0.115248,0.190899,0.285236,0.245314,0.278552,2.429494,8.414900,6.596200,0.172840,2.834700,2.196800,1.464153,2.700400,1.977600,1.407756,2.381400,1.795900,0.221449,2.095500,1.585300,1.070674,3.293000,2.346900,6.606871,64.368000,1.648600
24,2026-01-14 19:33:33.500142,ridge,0.250000,2000,rf,350,15,15,20,sqrt,0,4,lgbm,regression,gbdt,31,5,0.020000,500,25,0.600000,0.700000,0.100000,0.100000,0,4,-1,cuda,672,72,48,True,41,64,152,2,4,2,9,8600.000000,0.037666,0.070000,1500,5,0.032000,24,12,1,0.080000,0.140000,0.032000,0.000000,0.021000,-3.400000,3.300000,0.070000,0.000000,61,0.100000,0.250000,0.500000,0.750000,0.900000,256,1,500.000000,6.000000,0.100000,4,0.700000,cuda,40,20,58,0.462025,0.375653,0.140877,-0.028846,-0.136794,0.210035,0.263226,0.208376,0.318364,2.290087,9.309400,7.460900,0.172840,2.834700,2.196800,1.464153,2.700400,1.977600,1.407756,2.381400,1.795900,0.203735,2.159200,1.652900,1.076178,3.598100,2.587800,7.480147,75.707000,1.715800
25,2026-01-14 19:34:06.904491,ridge,0.250000,2000,rf,350,15,15,20,sqrt,0,4,lgbm,regression,gbdt,31,5,0.020000,500,25,0.600000,0.700000,0.100000,0.100000,0,4,-1,cuda,672,72,48,True,37,64,125,2,5,2,10,10600.000000,0.502135,0.120000,2000,6,0.030000,24,12,1,0.032000,0.180000,0.052000,0.024000,0.029000,-2.000000,1.200000,0.090000,0.020000,61,0.100000,0.250000,0.500000,0.750000,0.900000,256,1,500.000000,6.000000,0.100000,4,0.700000,cuda,40,20,58,0.427570,0.335589,0.169783,-0.048403,-0.153917,0.203528,0.209773,0.349395,0.237305,2.205995,8.806000,7.051100,0.172840,2.834700,2.196800,1.464153,2.700400,1.977600,1.407756,2.381400,1.795900,0.122075,2.194200,1.662800,1.327553,3.545400,2.552800,7.070391,71.302000,1.755300
26,2026-01-14 19:34:37.023721,ridge,0.250000,2000,rf,350,15,15,20,sqrt,0,4,lgbm,regression,gbdt,31,5,0.020000,500,25,0.600000,0.700000,0.100000,0.100000,0,4,-1,cuda,672,72,48,True,31,64,224,1,7,2,9,7000.000000,0.037697,0.230000,1500,5,0.034000,24,12,1,0.056000,0.240000,0.016000,0.008000,0.017000,-4.200000,2.600000,0.050000,0.060000,61,0.100000,0.250000,0.500000,0.750000,0.900000,256,1,500.000000,6.000000,0.100000,4,0.700000,cuda,40,20,58,0.437037,0.323302,0.152837,-0.014037,-0.148961,0.212008,0.322786,0.262909,0.202297,2.477170,8.952200,7.084800,0.172840,2.834700,2.196800,1.464153,2.700400,1.977600,1.407756,2.381400,1.795900,0.140744,2.235400,1.711700,1.129952,3.599400,2.566700,7.095276,71.189000,1.726000
27,2026-01-14 19:35:11.046929,ridge,0.250000,2000,rf,350,15,15,20,sqrt,0,4,lgbm,regression,gbdt,31,5,0.020000,500,25,0.600000,0.700000,0.100000,0.100000,0,4,-1,cuda,672,72,48,True,24,64,174,3,6,3,8,10200.000000,0.004278,0.150000,2000,6,0.036000,24,12,1,0.072000,0.120000,0.072000,0.032000,0.011000,-5.200000,4.500000,0.130000,0.000000,61,0.100000,0.250000,0.500000,0.750000,0.900000,256,1,500.000000,6.000000,0.100000,4,0.700000,cuda,40,20,58,0.335096,0.311580,0.187292,-0.005876,-0.094444,0.150344,0.216023,0.313217,0.320416,2.654637,8.314500,6.408900,0.172840,2.834700,2.196800,1.464153,2.700400,1.977600,1.407756,2.381400,1.795900,0.213152,2.118700,1.611300,1.255634,2.881300,2.176000,6.419757,59.319000,1.626800
28,2026-01-14 19:35:39.726725,ridge,0.250000,2000,rf,350,15,15,20,sqrt,0,4,lgbm,regression,gbdt,31,5,0.020000,500,25,0.600000,0.700000,0.100000,0.100000,0,4,-1,cuda,672,72,48,True,25,96,198,3,6,3,6,10600.000000,0.003567,0.040000,2500,4,0.036000,24,12,1,0.064000,0.120000,0.080000,0.032000,0.011000,-5.400000,4.800000,0.130000,0.020000,61,0.100000,0.250000,0.500000,0.750000,0.900000,256,1,500.000000,6.000000,0.100000,4,0.700000,cuda,40,20,58,0.530283,0.379184,0.149662,-0.055526,-0.191815,0.152297,0.340104,0.264975,0.242623,2.648508,10.119600,8.202600,0.172840,2.834700,2.196800,1.464153,2.700400,1.977600,1.407756,2.381400,1.795900,0.202259,2.198900,1.685800,1.105110,3.273500,2.374100,8.222166,85.099000,1.666300
29,2026-01-14 19:36:08.599596,ridge,0.250000,2000,rf,350,15,15,20,sqrt,0,4,lgbm,regression,gbdt,31,5,0.020000,500,25,0.600000,0.700000,0.100000,0.100000,0,4,-1,cuda,672,72,48,True,23,128,228,3,6,4,8,10200.000000,1.262962,0.080000,2000,5,0.036000,24,12,1,0.064000,0.120000,0.072000,0.040000,0.005000,-7.200000,4.500000,0.150000,0.040000,61,0.100000,0.250000,0.500000,0.750000,0.900000,256,1,500.000000,6.000000,0.100000,4,0.700000,cuda,40,20,58,0.561325,0.417290,0.170080,-0.070513,-0.196178,0.219368,0.261306,0.237452,0.281874,2.851056,10.174600,8.348800,0.172840,2.834700,2.196800,1.464153,2.700400,1.977600,1.407756,2.381400,1.795900,0.223789,2.204600,1.689500,1.277099,4.111200,2.824500,8.365227,89.962000,1.850500
30,2026-01-14 19:36:37.801631,ridge,0.250000,2000,rf,350,15,15,20,sqrt,0,4,lgbm,regression,gbdt,31,5,0.020000,500,25,0.600000,0.700000,0.100000,0.100000,0,4,-1,cuda,672,72,48,True,30,128,125,3,5,4,8,9000.000000,0.005762,0.040000,3500,6,0.036000,24,12,1,0.048000,0.180000,0.036000,0.048000,0.015000,-5.900000,5.000000,0.130000,0.060000,61,0.100000,0.250000,0.500000,0.750000,0.900000,256,1,500.000000,6.000000,0.100000,4,0.700000,cuda,40,20,58,0.546338,0.395240,0.155894,-0.069385,-0.224757,0.238150,0.223849,0.251225,0.286776,2.371511,9.809500,8.068700,0.172840,2.834700,2.196800,1.464153,2.700400,1.977600,1.407756,2.381400,1.795900,0.212446,2.178400,1.667100,1.337204,3.940000,2.856000,8.091213,88.224000,1.844400
31,2026-01-14 19:37:10.796297,ridge,0.250000,2000,rf,350,15,15,20,sqrt,0,4,lgbm,regression,gbdt,31,5,0.020000,500,25,0.600000,0.700000,0.100000,0.100000,0,4,-1,cuda,672,72,48,True,33,64,175,2,7,2,10,7800.000000,0.025766,0.150000,1500,6,0.030000,24,12,1,0.072000,0.180000,0.060000,0.016000,0.023000,-4.400000,3.300000,0.170000,0.000000,61,0.100000,0.250000,0.500000,0.750000,0.900000,256,1,500.000000,6.000000,0.100000,4,0.700000,cuda,40,20,58,0.329458,0.250742,0.148326,-0.006232,-0.115189,0.151930,0.324323,0.224581,0.299166,1.608253,7.513400,5.887400,0.172840,2.834700,2.196800,1.464153,2.700400,1.977600,1.407756,2.381400,1.795900,0.192519,2.051400,1.540800,0.955275,2.669300,2.033200,5.906411,55.544000,1.510600
32,2026-01-14 19:37:42.982899,ridge,0.250000,2000,rf,350,15,15,20,sqrt,0,4,lgbm,regression,gbdt,31,5,0.020000,500,25,0.600000,0.700000,0.100000,0.100000,0,4,-1,cuda,672,72,48,True,33,64,175,2,7,3,5,9800.000000,0.082710,0.160000,1500,6,0.040000,24,12,1,0.072000,0.140000,0.044000,0.016000,0.029000,-4.900000,3.300000,0.170000,0.000000,61,0.100000,0.250000,0.500000,0.750000,0.900000,256,1,500.000000,6.000000,0.100000,4,0.700000,cuda,40,20,58,0.194812,0.153371,0.145626,0.011811,-0.061265,0.166885,0.220415,0.334597,0.278103,1.465742,6.762000,5.205600,0.172840,2.834700,2.196800,1.464153,2.700400,1.977600,1.407756,2.381400,1.795900,0.184816,2.031600,1.520200,1.285264,2.720600,2.045800,5.225644,37.076000,1.588000
33,2026-01-14 19:38:16.490351,ridge,0.250000,2000,rf,350,15,15,20,sqrt,0,4,lgbm,regression,gbdt,31,5,0.020000,500,25,0.600000,0.700000,0.100000,0.100000,0,4,-1,cuda,672,72,48,True,33,64,175,3,7,3,5,9800.000000,0.010388,0.150000,2000,6,0.040000,24,12,1,0.072000,0.140000,0.048000,0.032000,0.027000,-5.100000,4.400000,0.170000,0.000000,61,0.100000,0.250000,0.500000,0.750000,0.900000,256,1,500.000000,6.000000,0.100000,4,0.700000,cuda,40,20,58,0.369017,0.260802,0.175036,-0.007864,-0.072394,0.183498,0.237300,0.333115,0.246088,1.861141,7.725600,6.004200,0.172840,2.834700,2.196800,1.464153,2.700400,1.977600,1.407756,2.381400,1.795900,0.230253,2.070000,1.559700,1.084047,2.862900,2.152500,6.017836,58.242000,1.580300
34,2026-01-14 19:38:48.858501,ridge,0.250000,2000,rf,350,15,15,20,sqrt,0,4,lgbm,regression,gbdt,31,5,0.020000,500,25,0.600000,0.700000,0.100000,0.100000,0,4,-1,cuda,672,72,48,True,33,64,203,2,7,3,5,9000.000000,0.009682,0.180000,1500,6,0.040000,24,12,1,0.072000,0.140000,0.048000,0.016000,0.029000,-4.500000,4.300000,0.170000,0.000000,61,0.100000,0.250000,0.500000,0.750000,0.900000,256,1,500.000000,6.000000,0.100000,4,0.700000,cuda,40,20,58,0.190954,0.143281,0.120014,0.066239,-0.050997,0.259090,0.143965,0.304369,0.292576,0.812414,6.752500,5.095900,0.172840,2.834700,2.196800,1.464153,2.700400,1.977600,1.407756,2.381400,1.795900,0.219116,2.009500,1.501100,1.067960,3.021800,2.211000,5.110444,35.365000,1.593000
35,2026-01-14 19:39:17.717247,ridge,0.250000,2000,rf,350,15,15,20,sqrt,0,4,lgbm,regression,gbdt,31,5,0.020000,500,25,0.600000,0.700000,0.100000,0.100000,0,4,-1,cuda,672,72,48,True,33,128,252,3,7,3,5,9400.000000,0.009121,0.170000,1500,5,0.040000,24,12,1,0.056000,0.140000,0.048000,0.024000,0.029000,-4.800000,4.100000,0.170000,0.000000,61,0.100000,0.250000,0.500000,0.750000,0.900000,256,1,500.000000,6.000000,0.100000,4,0.700000,cuda,40,20,58,0.479683,0.351733,0.168685,-0.030716,-0.168637,0.206668,0.328185,0.222912,0.242235,2.790234,9.405800,7.629500,0.172840,2.834700,2.196800,1.464153,2.700400,1.977600,1.407756,2.381400,1.795900,0.213875,2.149000,1.643000,1.125403,3.642400,2.679000,7.644897,77.925000,1.741800
36,2026-01-14 19:39:49.807519,ridge,0.250000,2000,rf,350,15,15,20,sqrt,0,4,lgbm,regression,gbdt,31,5,0.020000,500,25,0.600000,0.700000,0.100000,0.100000,0,4,-1,cuda,672,72,48,True,32,64,203,2,7,3,5,9800.000000,0.001005,0.180000,2000,6,0.040000,24,12,1,0.088000,0.160000,0.036000,0.048000,0.041000,-6.100000,3.400000,0.170000,0.020000,61,0.100000,0.250000,0.500000,0.750000,0.900000,256,1,500.000000,6.000000,0.100000,4,0.700000,cuda,40,20,58,0.272448,0.212815,0.180496,0.032526,-0.099608,0.197720,0.240229,0.252324,0.309727,1.929729,7.133400,5.441800,0.172840,2.834700,2.196800,1.464153,2.700400,1.977600,1.407756,2.381400,1.795900,0.186163,2.029100,1.511800,1.144846,3.006100,2.220100,5.452293,48.066000,1.607400
37,2026-01-14 19:40:19.679861,ridge,0.250000,2000,rf,350,15,15,20,sqrt,0,4,lgbm,regression,gbdt,31,5,0.020000,500,25,0.600000,0.700000,0.100000,0.100000,0,4,-1,cuda,672,72,48,True,45,96,301,2,7,4,5,9000.000000,0.001096,0.180000,1500,5,0.040000,24,12,1,0.088000,0.160000,0.036000,0.064000,0.043000,-7.200000,3.400000,0.170000,0.020000,61,0.100000,0.250000,0.500000,0.750000,0.900000,256,1,500.000000,6.000000,0.100000,4,0.700000,cuda,40,20,58,0.402908,0.300748,0.172572,-0.011901,-0.139494,0.185252,0.261291,0.278566,0.274891,2.106978,8.050100,6.410900,0.172840,2.834700,2.196800,1.464153,2.700400,1.977600,1.407756,2.381400,1.795900,0.224179,2.076100,1.564200,1.303254,3.231900,2.352200,6.424228,65.920000,1.692100
38,2026-01-14 19:40:48.453951,ridge,0.250000,2000,rf,350,15,15,20,sqrt,0,4,lgbm,regression,gbdt,31,5,0.020000,500,25,0.600000,0.700000,0.100000,0.100000,0,4,-1,cuda,672,72,48,True,31,64,203,2,7,3,4,11000.000000,0.001835,0.180000,3000,3,0.038000,24,12,1,0.096000,0.100000,0.032000,0.048000,0.045000,-6.400000,3.200000,0.210000,0.020000,61,0.100000,0.250000,0.500000,0.750000,0.900000,256,1,500.000000,6.000000,0.100000,4,0.700000,cuda,40,20,58,0.567498,0.424472,0.178241,-0.052172,-0.206149,0.255147,0.208718,0.245787,0.290348,3.396926,10.361000,8.550400,0.172840,2.834700,2.196800,1.464153,2.700400,1.977600,1.407756,2.381400,1.795900,0.213722,2.212400,1.702800,1.237775,3.861100,2.845900,8.565089,91.660000,1.816400
39,2026-01-14 19:41:18.545939,ridge,0.250000,2000,rf,350,15,15,20,sqrt,0,4,lgbm,regression,gbdt,31,5,0.020000,500,25,0.600000,0.700000,0.100000,0.100000,0,4,-1,cuda,672,72,48,True,27,64,252,1,7,3,5,9800.000000,0.138199,0.200000,2500,5,0.040000,24,12,1,0.088000,0.280000,0.008000,0.096000,0.037000,-5.900000,3.700000,0.170000,0.000000,61,0.100000,0.250000,0.500000,0.750000,0.900000,256,1,500.000000,6.000000,0.100000,4,0.700000,cuda,40,20,58,0.511467,0.387731,0.159247,-0.016500,-0.143026,0.254249,0.213066,0.270967,0.261717,2.491958,9.554000,7.594600,0.172840,2.834700,2.196800,1.464153,2.700400,1.977600,1.407756,2.381400,1.795900,0.209183,2.170200,1.649800,1.453288,4.342200,2.951800,7.610802,80.900000,1.923800
40,2026-01-14 19:41:49.268921,ridge,0.250000,2000,rf,350,15,15,20,sqrt,0,4,lgbm,regression,gbdt,31,5,0.020000,500,25,0.600000,0.700000,0.100000,0.100000,0,4,-1,cuda,672,72,48,True,30,96,273,2,7,3,6,9000.000000,0.226579,0.160000,2000,6,0.038000,24,12,1,0.064000,0.160000,0.040000,0.064000,0.031000,-4.500000,4.100000,0.190000,0.020000,61,0.100000,0.250000,0.500000,0.750000,0.900000,256,1,500.000000,6.000000,0.100000,4,0.700000,cuda,40,20,58,0.465616,0.346777,0.178864,-0.032051,-0.125042,0.139941,0.302902,0.284452,0.272705,2.141033,7.798600,6.198300,0.172840,2.834700,2.196800,1.464153,2.700400,1.977600,1.407756,2.381400,1.795900,0.219504,2.061200,1.550300,1.038072,2.735700,2.069900,6.205635,72.056000,1.544600
41,2026-01-14 19:42:21.387686,ridge,0.250000,2000,rf,350,15,15,20,sqrt,0,4,lgbm,regression,gbdt,31,5,0.020000,500,25,0.600000,0.700000,0.100000,0.100000,0,4,-1,cuda,672,72,48,True,33,64,224,2,7,3,5,9800.000000,0.010445,0.140000,2000,6,0.040000,24,12,1,0.072000,0.140000,0.044000,0.032000,0.025000,-5.300000,4.500000,0.170000,0.000000,61,0.100000,0.250000,0.500000,0.750000,0.900000,256,1,500.000000,6.000000,0.100000,4,0.700000,cuda,40,20,58,0.349964,0.241542,0.162690,0.052143,-0.071623,0.154339,0.305803,0.262715,0.277143,2.062135,7.400400,5.681700,0.172840,2.834700,2.196800,1.464153,2.700400,1.977600,1.407756,2.381400,1.795900,0.219620,2.075500,1.573500,1.302820,3.085400,2.213400,5.689678,54.932000,1.660300
42,2026-01-14 19:42:53.882676,ridge,0.250000,2000,rf,350,15,15,20,sqrt,0,4,lgbm,regression,gbdt,31,5,0.020000,500,25,0.600000,0.700000,0.100000,0.100000,0,4,-1,cuda,672,72,48,True,32,64,224,2,7,3,4,10200.000000,0.031696,0.130000,1500,6,0.040000,24,12,1,0.072000,0.120000,0.044000,0.016000,0.025000,-5.500000,3.800000,0.150000,0.000000,61,0.100000,0.250000,0.500000,0.750000,0.900000,256,1,500.000000,6.000000,0.100000,4,0.700000,cuda,40,20,58,0.176086,0.136841,0.141411,0.070513,-0.022299,0.208345,0.284025,0.260717,0.246913,0.932494,5.654400,4.189100,0.172840,2.834700,2.196800,1.464153,2.700400,1.977600,1.407756,2.381400,1.795900,0.139835,2.051800,1.520200,0.957655,2.719900,2.034700,4.207398,32.545000,1.510000
43,2026-01-14 19:43:25.769137,ridge,0.250000,2000,rf,350,15,15,20,sqrt,0,4,lgbm,regression,gbdt,31,5,0.020000,500,25,0.600000,0.700000,0.100000,0.100000,0,4,-1,cuda,672,72,48,True,32,64,224,2,7,3,4,10200.000000,0.052203,0.120000,3000,6,0.040000,24,12,1,0.088000,0.120000,0.028000,0.056000,0.037000,-5.600000,3.800000,0.150000,0.000000,61,0.100000,0.250000,0.500000,0.750000,0.900000,256,1,500.000000,6.000000,0.100000,4,0.700000,cuda,40,20,58,0.421249,0.340159,0.156309,-0.026294,-0.147656,0.172835,0.215638,0.301828,0.309698,2.147516,8.435500,6.742900,0.172840,2.834700,2.196800,1.464153,2.700400,1.977600,1.407756,2.381400,1.795900,0.126328,2.171700,1.656000,1.339213,3.258700,2.360800,6.755117,69.987000,1.703600
44,2026-01-14 19:43:58.178301,ridge,0.250000,2000,rf,350,15,15,20,sqrt,0,4,lgbm,regression,gbdt,31,5,0.020000,500,25,0.600000,0.700000,0.100000,0.100000,0,4,-1,cuda,672,72,48,True,29,64,224,2,7,3,5,10600.000000,0.396150,0.140000,1500,6,0.040000,24,12,1,0.096000,0.140000,0.040000,0.040000,0.025000,-6.100000,4.200000,0.150000,0.000000,61,0.100000,0.250000,0.500000,0.750000,0.900000,256,1,500.000000,6.000000,0.100000,4,0.700000,cuda,40,20,58,0.215854,0.183137,0.164797,0.082680,0.012779,0.136344,0.266483,0.345688,0.251484,1.484631,6.297600,4.858000,0.172840,2.834700,2.196800,1.464153,2.700400,1.977600,1.407756,2.381400,1.795900,0.148304,2.080300,1.550900,1.049779,2.669100,1.992300,4.867510,39.781000,1.524300
45,2026-01-14 19:44:30.781129,ridge,0.250000,2000,rf,350,15,15,20,sqrt,0,4,lgbm,regression,gbdt,31,5,0.020000,500,25,0.600000,0.700000,0.100000,0.100000,0,4,-1,cuda,672,72,48,True,28,64,252,2,6,3,4,10600.000000,0.344066,0.170000,1500,6,0.038000,24,12,1,0.096000,0.100000,0.040000,0.040000,0.049000,-6.000000,3.600000,0.150000,0.020000,61,0.100000,0.250000,0.500000,0.750000,0.900000,256,1,500.000000,6.000000,0.100000,4,0.700000,cuda,40,20,58,0.144450,0.187174,0.184859,0.096807,0.032544,0.224117,0.242789,0.237627,0.295467,1.619563,5.204600,3.976800,0.172840,2.834700,2.196800,1.464153,2.700400,1.977600,1.407756,2.381400,1.795900,0.223243,1.950300,1.441000,1.150333,2.780400,2.064800,3.982468,33.093000,1.562100
46,2026-01-14 19:45:01.941821,ridge,0.250000,2000,rf,350,15,15,20,sqrt,0,4,lgbm,regression,gbdt,31,5,0.020000,500,25,0.600000,0.700000,0.100000,0.100000,0,4,-1,cuda,672,72,48,True,28,64,276,2,6,3,4,11000.000000,0.447403,0.130000,1500,5,0.038000,24,12,1,0.096000,0.100000,0.052000,0.040000,0.047000,-6.900000,4.300000,0.150000,0.000000,61,0.100000,0.250000,0.500000,0.750000,0.900000,256,1,500.000000,6.000000,0.100000,4,0.700000,cuda,40,20,58,0.218168,0.213408,0.162542,0.043774,-0.033873,0.205945,0.269638,0.292086,0.232332,1.768652,6.782200,5.266200,0.172840,2.834700,2.196800,1.464153,2.700400,1.977600,1.407756,2.381400,1.795900,0.217444,2.008600,1.503500,1.290579,3.150600,2.272700,5.278198,41.871000,1.663600
47,2026-01-14 19:45:33.329714,ridge,0.250000,2000,rf,350,15,15,20,sqrt,0,4,lgbm,regression,gbdt,31,5,0.020000,500,25,0.600000,0.700000,0.100000,0.100000,0,4,-1,cuda,672,72,48,True,27,64,300,1,6,3,4,10600.000000,1.190560,0.170000,1500,6,0.038000,24,12,1,0.096000,0.120000,0.040000,0.024000,0.051000,-6.700000,3.600000,0.150000,0.000000,61,0.100000,0.250000,0.500000,0.750000,0.900000,256,1,500.000000,6.000000,0.100000,4,0.700000,cuda,40,20,58,0.206327,0.220501,0.177261,0.037185,-0.039720,0.186193,0.238188,0.254185,0.321434,1.617899,6.090700,4.721700,0.172840,2.834700,2.196800,1.464153,2.700400,1.977600,1.407756,2.381400,1.795900,0.143936,2.065100,1.546300,1.134699,2.672500,2.012000,4.728333,40.433000,1.544200
48,2026-01-14 19:45:59.853032,ridge,0.250000,2000,rf,350,15,15,20,sqrt,0,4,lgbm,regression,gbdt,31,5,0.020000,500,25,0.600000,0.700000,0.100000,0.100000,0,4,-1,cuda,672,72,48,True,29,128,252,2,6,3,6,10200.000000,0.249079,0.120000,1500,3,0.040000,24,12,1,0.048000,0.100000,0.024000,0.016000,0.033000,-7.900000,3.900000,0.110000,0.020000,61,0.100000,0.250000,0.500000,0.750000,0.900000,256,1,500.000000,6.000000,0.100000,4,0.700000,cuda,40,20,58,0.556131,0.421178,0.189103,-0.050095,-0.202113,0.229976,0.234336,0.255673,0.280015,3.324713,10.368500,8.583000,0.172840,2.834700,2.196800,1.464153,2.700400,1.977600,1.407756,2.381400,1.795900,0.227789,2.214000,1.693600,1.657222,4.470900,3.008100,8.592714,90.604000,1.996600
49,2026-01-14 19:46:32.786200,ridge,0.250000,2000,rf,350,15,15,20,sqrt,0,4,lgbm,regression,gbdt,31,5,0.020000,500,25,0.600000,0.700000,0.100000,0.100000,0,4,-1,cuda,672,72,48,True,30,64,224,2,8,3,4,10600.000000,0.868623,0.190000,3500,6,0.038000,24,12,1,0.080000,0.120000,0.052000,0.048000,0.031000,-5.700000,4.200000,0.190000,0.100000,61,0.100000,0.250000,0.500000,0.750000,0.900000,256,1,500.000000,6.000000,0.100000,4,0.700000,cuda,40,20,58,0.479357,0.359123,0.158060,-0.062678,-0.171931,0.131950,0.203436,0.303189,0.361425,2.124166,9.057200,7.229700,0.172840,2.834700,2.196800,1.464153,2.700400,1.977600,1.407756,2.381400,1.795900,0.132322,2.218600,1.694900,1.286893,3.092300,2.239500,7.243794,77.454000,1.665400
50,2026-01-14 20:02:49.014199,ridge,0.250000,2000,rf,350,15,15,20,sqrt,0,4,lgbm,regression,gbdt,31,5,0.020000,500,25,0.600000,0.700000,0.100000,0.100000,0,4,-1,cuda,672,72,48,True,29,64,276,2,6,3,5,9400.000000,0.426771,0.160000,1500,4,0.040000,24,12,1,0.096000,0.140000,0.016000,0.088000,0.027000,-4.900000,4.800000,0.150000,0.000000,61,0.100000,0.250000,0.500000,0.750000,0.900000,256,1,500.000000,6.000000,0.100000,4,0.700000,cuda,40,20,58,0.467189,0.358678,0.183879,-0.013800,-0.124893,0.193242,0.315449,0.240253,0.251056,2.784070,8.808800,6.953700,0.172840,2.834700,2.196800,1.464153,2.700400,1.977600,1.407756,2.381400,1.795900,0.117365,2.182200,1.666000,1.492934,3.662900,2.482700,6.962446,74.275000,1.796300
51,2026-01-14 20:03:20.478009,ridge,0.250000,2000,rf,350,15,15,20,sqrt,0,4,lgbm,regression,gbdt,31,5,0.020000,500,25,0.600000,0.700000,0.100000,0.100000,0,4,-1,cuda,672,72,48,True,27,64,324,1,6,3,4,10600.000000,1.578350,0.170000,1500,6,0.038000,24,12,1,0.096000,0.120000,0.040000,0.024000,0.051000,-6.900000,3.600000,0.150000,0.000000,61,0.100000,0.250000,0.500000,0.750000,0.900000,256,1,500.000000,6.000000,0.100000,4,0.700000,cuda,40,20,58,0.332722,0.265165,0.172869,0.013236,-0.047555,0.182358,0.295268,0.254831,0.267543,1.994507,7.112000,5.559500,0.172840,2.834700,2.196800,1.464153,2.700400,1.977600,1.407756,2.381400,1.795900,0.209557,2.043100,1.543300,1.153918,2.943700,2.198800,5.568722,54.372000,1.605200
52,2026-01-14 20:03:52.025832,ridge,0.250000,2000,rf,350,15,15,20,sqrt,0,4,lgbm,regression,gbdt,31,5,0.020000,500,25,0.600000,0.700000,0.100000,0.100000,0,4,-1,cuda,672,72,48,True,27,64,300,1,6,3,4,11000.000000,2.605803,0.140000,1500,6,0.038000,24,12,1,0.096000,0.400000,0.032000,0.024000,0.049000,-6.600000,3.600000,0.150000,0.000000,61,0.100000,0.250000,0.500000,0.750000,0.900000,256,1,500.000000,6.000000,0.100000,4,0.700000,cuda,40,20,58,0.398635,0.301401,0.166518,-0.040836,-0.137892,0.196095,0.258974,0.264003,0.280929,2.131983,8.852600,7.252600,0.172840,2.834700,2.196800,1.464153,2.700400,1.977600,1.407756,2.381400,1.795900,0.220640,2.093100,1.583100,1.168257,3.611100,2.539600,7.270678,67.176000,1.726700
53,2026-01-14 20:04:24.252828,ridge,0.250000,2000,rf,350,15,15,20,sqrt,0,4,lgbm,regression,gbdt,31,5,0.020000,500,25,0.600000,0.700000,0.100000,0.100000,0,4,-1,cuda,672,72,48,True,31,64,301,1,7,3,4,10600.000000,0.707185,0.160000,1500,6,0.040000,24,12,1,0.080000,0.100000,0.044000,0.016000,0.047000,-6.100000,4.000000,0.130000,0.000000,61,0.100000,0.250000,0.500000,0.750000,0.900000,256,1,500.000000,6.000000,0.100000,4,0.700000,cuda,40,20,58,0.188373,0.202398,0.200736,0.110607,0.022929,0.156676,0.213857,0.342901,0.286565,1.815116,5.393200,4.124800,0.172840,2.834700,2.196800,1.464153,2.700400,1.977600,1.407756,2.381400,1.795900,0.233222,1.978600,1.465900,1.116047,2.597100,1.952700,4.125284,38.102000,1.525700
54,2026-01-14 20:04:55.733500,ridge,0.250000,2000,rf,350,15,15,20,sqrt,0,4,lgbm,regression,gbdt,31,5,0.020000,500,25,0.600000,0.700000,0.100000,0.100000,0,4,-1,cuda,672,72,48,True,34,64,322,1,7,3,5,10200.000000,0.361276,0.160000,1500,6,0.040000,24,12,1,0.080000,0.100000,0.048000,0.016000,0.047000,-6.100000,3.900000,0.130000,0.000000,61,0.100000,0.250000,0.500000,0.750000,0.900000,256,1,500.000000,6.000000,0.100000,4,0.700000,cuda,40,20,58,0.099490,0.133013,0.164411,0.101258,0.028716,0.206586,0.283782,0.238644,0.270988,1.380372,4.547600,3.488400,0.172840,2.834700,2.196800,1.464153,2.700400,1.977600,1.407756,2.381400,1.795900,0.182987,1.974100,1.460400,1.084787,2.678800,2.003800,3.489440,25.736000,1.527400
55,2026-01-14 20:05:27.237359,ridge,0.250000,2000,rf,350,15,15,20,sqrt,0,4,lgbm,regression,gbdt,31,5,0.020000,500,25,0.600000,0.700000,0.100000,0.100000,0,4,-1,cuda,672,72,48,True,34,64,350,1,7,3,4,10200.000000,0.728284,0.190000,1500,6,0.040000,24,12,1,0.080000,0.100000,0.048000,0.016000,0.047000,-6.200000,3.900000,0.110000,0.020000,61,0.100000,0.250000,0.500000,0.750000,0.900000,256,1,500.000000,6.000000,0.100000,4,0.700000,cuda,40,20,58,0.186236,0.174027,0.194266,0.114880,0.012720,0.177366,0.233367,0.281243,0.308024,1.741088,5.460200,4.176700,0.172840,2.834700,2.196800,1.464153,2.700400,1.977600,1.407756,2.381400,1.795900,0.227428,1.963000,1.459700,1.144783,2.592300,1.962100,4.179283,36.697000,1.530800
56,2026-01-14 20:05:59.189982,ridge,0.250000,2000,rf,350,15,15,20,sqrt,0,4,lgbm,regression,gbdt,31,5,0.020000,500,25,0.600000,0.700000,0.100000,0.100000,0,4,-1,cuda,672,72,48,True,34,64,350,1,7,3,7,9000.000000,0.107506,0.190000,1500,6,0.040000,24,12,1,0.080000,0.100000,0.052000,0.016000,0.043000,-5.800000,3.900000,0.110000,0.020000,61,0.100000,0.250000,0.500000,0.750000,0.900000,256,1,500.000000,6.000000,0.100000,4,0.700000,cuda,40,20,58,0.072483,0.109034,0.136871,0.107876,0.014441,0.179956,0.261473,0.259521,0.299050,1.083349,4.890300,3.630000,0.172840,2.834700,2.196800,1.464153,2.700400,1.977600,1.407756,2.381400,1.795900,0.188876,1.962500,1.447300,0.971156,2.829100,2.011300,3.634667,22.934000,1.519000
57,2026-01-14 20:06:29.179063,ridge,0.250000,2000,rf,350,15,15,20,sqrt,0,4,lgbm,regression,gbdt,31,5,0.020000,500,25,0.600000,0.700000,0.100000,0.100000,0,4,-1,cuda,672,72,48,True,34,96,352,1,8,3,7,8600.000000,0.268074,0.190000,1500,6,0.040000,24,12,1,0.088000,0.100000,0.052000,0.008000,0.043000,-5.800000,3.100000,0.110000,0.020000,61,0.100000,0.250000,0.500000,0.750000,0.900000,256,1,500.000000,6.000000,0.100000,4,0.700000,cuda,40,20,58,0.316222,0.229226,0.123991,0.000148,-0.076490,0.204264,0.190560,0.351962,0.253215,1.406735,6.931700,5.233700,0.172840,2.834700,2.196800,1.464153,2.700400,1.977600,1.407756,2.381400,1.795900,0.217132,2.045000,1.535000,1.065952,2.939200,2.117300,5.253273,50.419000,1.576600
58,2026-01-14 20:07:00.866002,ridge,0.250000,2000,rf,350,15,15,20,sqrt,0,4,lgbm,regression,gbdt,31,5,0.020000,500,25,0.600000,0.700000,0.100000,0.100000,0,4,-1,cuda,672,72,48,True,36,64,350,1,7,3,4,9400.000000,0.182980,0.190000,2000,6,0.040000,24,12,1,0.080000,0.100000,0.056000,0.008000,0.047000,-6.300000,3.800000,0.110000,0.020000,61,0.100000,0.250000,0.500000,0.750000,0.900000,256,1,500.000000,6.000000,0.100000,4,0.700000,cuda,40,20,58,0.187898,0.190052,0.128027,0.094729,0.001472,0.214120,0.249845,0.247245,0.288790,0.984856,5.777500,4.308700,0.172840,2.834700,2.196800,1.464153,2.700400,1.977600,1.407756,2.381400,1.795900,0.197988,1.976000,1.468900,0.977592,2.809700,2.058000,4.323376,36.353000,1.526400
59,2026-01-14 20:07:32.993572,ridge,0.250000,2000,rf,350,15,15,20,sqrt,0,4,lgbm,regression,gbdt,31,5,0.020000,500,25,0.600000,0.700000,0.100000,0.100000,0,4,-1,cuda,672,72,48,True,37,64,328,1,8,4,6,8600.000000,0.114506,0.210000,2000,6,0.038000,24,12,1,0.080000,0.100000,0.060000,0.008000,0.049000,-5.500000,3.800000,0.110000,0.040000,61,0.100000,0.250000,0.500000,0.750000,0.900000,256,1,500.000000,6.000000,0.100000,4,0.700000,cuda,40,20,58,0.261853,0.211153,0.143192,0.065141,-0.069367,0.172411,0.288119,0.236522,0.302948,1.460642,6.406400,4.894000,0.172840,2.834700,2.196800,1.464153,2.700400,1.977600,1.407756,2.381400,1.795900,0.218852,1.984700,1.482500,1.045402,2.736000,2.026100,4.897810,44.497000,1.533300
60,2026-01-14 20:08:05.823843,ridge,0.250000,2000,rf,350,15,15,20,sqrt,0,4,lgbm,regression,gbdt,31,5,0.020000,500,25,0.600000,0.700000,0.100000,0.100000,0,4,-1,cuda,672,72,48,True,36,64,322,1,7,3,7,9400.000000,0.188916,0.210000,2000,6,0.040000,24,12,1,0.064000,0.120000,0.068000,0.000000,0.041000,-6.400000,4.300000,0.130000,0.020000,61,0.100000,0.250000,0.500000,0.750000,0.900000,256,1,500.000000,6.000000,0.100000,4,0.700000,cuda,40,20,58,0.228259,0.185452,0.156161,0.053478,-0.028947,0.214153,0.239493,0.270755,0.275600,1.804126,6.261700,4.737600,0.172840,2.834700,2.196800,1.464153,2.700400,1.977600,1.407756,2.381400,1.795900,0.200165,2.013100,1.512100,1.316113,2.960300,2.188500,4.744052,40.208000,1.637500
61,2026-01-14 20:08:38.585685,ridge,0.250000,2000,rf,350,15,15,20,sqrt,0,4,lgbm,regression,gbdt,31,5,0.020000,500,25,0.600000,0.700000,0.100000,0.100000,0,4,-1,cuda,672,72,48,True,34,64,350,1,7,3,4,9000.000000,0.378481,0.190000,1500,6,0.040000,24,12,1,0.080000,0.100000,0.056000,0.016000,0.047000,-6.200000,3.900000,0.110000,0.020000,61,0.100000,0.250000,0.500000,0.750000,0.900000,256,1,500.000000,6.000000,0.100000,4,0.700000,cuda,40,20,58,0.150089,0.173581,0.182336,0.105472,0.031891,0.214017,0.222927,0.329530,0.233526,1.481925,4.980800,3.821900,0.172840,2.834700,2.196800,1.464153,2.700400,1.977600,1.407756,2.381400,1.795900,0.228433,1.945600,1.436800,1.181460,2.734300,2.010200,3.822638,32.692000,1.557900
62,2026-01-14 20:09:10.465977,ridge,0.250000,2000,rf,350,15,15,20,sqrt,0,4,lgbm,regression,gbdt,31,5,0.020000,500,25,0.600000,0.700000,0.100000,0.100000,0,4,-1,cuda,672,72,48,True,35,64,350,1,7,3,4,9000.000000,0.309920,0.200000,1500,6,0.040000,24,12,1,0.088000,0.100000,0.056000,0.008000,0.045000,-5.900000,4.600000,0.110000,0.020000,61,0.100000,0.250000,0.500000,0.750000,0.900000,256,1,500.000000,6.000000,0.100000,4,0.700000,cuda,40,20,58,0.158606,0.158773,0.184384,0.091435,0.012809,0.244154,0.243236,0.214032,0.298578,1.688687,5.132200,3.903200,0.172840,2.834700,2.196800,1.464153,2.700400,1.977600,1.407756,2.381400,1.795900,0.219870,1.956900,1.454700,1.043023,2.934100,2.139500,3.898025,32.689000,1.564400
63,2026-01-14 20:09:42.142768,ridge,0.250000,2000,rf,350,15,15,20,sqrt,0,4,lgbm,regression,gbdt,31,5,0.020000,500,25,0.600000,0.700000,0.100000,0.100000,0,4,-1,cuda,672,72,48,True,35,64,350,1,7,3,4,9000.000000,0.387505,0.210000,1500,6,0.040000,24,12,1,0.088000,0.120000,0.064000,0.024000,0.045000,-5.900000,4.700000,0.130000,0.040000,61,0.100000,0.250000,0.500000,0.750000,0.900000,256,1,500.000000,6.000000,0.100000,4,0.700000,cuda,40,20,58,0.159912,0.159158,0.169961,0.104938,0.011295,0.142095,0.255317,0.333401,0.269186,1.550478,5.085300,3.918100,0.172840,2.834700,2.196800,1.464153,2.700400,1.977600,1.407756,2.381400,1.795900,0.190335,1.943500,1.448100,1.081091,2.508600,1.898300,3.920841,32.770000,1.494400
64,2026-01-14 20:10:14.154304,ridge,0.250000,2000,rf,350,15,15,20,sqrt,0,4,lgbm,regression,gbdt,31,5,0.020000,500,25,0.600000,0.700000,0.100000,0.100000,0,4,-1,cuda,672,72,48,True,35,64,350,1,7,3,4,7800.000000,0.107739,0.210000,1500,6,0.038000,24,12,1,0.088000,0.120000,0.064000,0.024000,0.045000,-6.000000,4.700000,0.130000,0.040000,61,0.100000,0.250000,0.500000,0.750000,0.900000,256,1,500.000000,6.000000,0.100000,4,0.700000,cuda,40,20,58,0.186176,0.223884,0.192486,0.079416,0.000255,0.200369,0.276603,0.300406,0.222622,1.716497,5.399900,4.160200,0.172840,2.834700,2.196800,1.464153,2.700400,1.977600,1.407756,2.381400,1.795900,0.224179,1.970800,1.463500,1.139872,2.699700,2.049600,4.170349,38.351000,1.551600
65,2026-01-14 20:10:45.743305,ridge,0.250000,2000,rf,350,15,15,20,sqrt,0,4,lgbm,regression,gbdt,31,5,0.020000,500,25,0.600000,0.700000,0.100000,0.100000,0,4,-1,cuda,672,72,48,True,39,64,322,1,7,3,4,5800.000000,0.556352,0.230000,1500,6,0.040000,24,12,1,0.088000,0.100000,0.064000,0.032000,0.043000,-5.700000,5.000000,0.130000,0.040000,61,0.100000,0.250000,0.500000,0.750000,0.900000,256,1,500.000000,6.000000,0.100000,4,0.700000,cuda,40,20,58,0.351864,0.297602,0.163194,-0.019409,-0.124567,0.219409,0.264653,0.243287,0.272651,1.934226,7.711100,6.106800,0.172840,2.834700,2.196800,1.464153,2.700400,1.977600,1.407756,2.381400,1.795900,0.207562,2.082000,1.571100,1.368043,3.375700,2.486600,6.120131,60.396000,1.736300
66,2026-01-14 20:11:17.839101,ridge,0.250000,2000,rf,350,15,15,20,sqrt,0,4,lgbm,regression,gbdt,31,5,0.020000,500,25,0.600000,0.700000,0.100000,0.100000,0,4,-1,cuda,672,72,48,True,37,64,352,1,8,3,4,8600.000000,0.336179,0.200000,1500,6,0.040000,24,12,1,0.088000,0.340000,0.056000,0.016000,0.049000,-5.400000,4.700000,0.110000,0.080000,61,0.100000,0.250000,0.500000,0.750000,0.900000,256,1,500.000000,6.000000,0.100000,4,0.700000,cuda,40,20,58,0.169646,0.163551,0.184057,0.117047,0.026608,0.184384,0.215317,0.291664,0.308635,1.570925,5.563100,4.261300,0.172840,2.834700,2.196800,1.464153,2.700400,1.977600,1.407756,2.381400,1.795900,0.221590,1.964700,1.454300,1.235364,2.781700,2.062700,4.269752,34.908000,1.582300
67,2026-01-14 20:11:46.997595,ridge,0.250000,2000,rf,350,15,15,20,sqrt,0,4,lgbm,regression,gbdt,31,5,0.020000,500,25,0.600000,0.700000,0.100000,0.100000,0,4,-1,cuda,672,72,48,True,35,128,348,1,6,3,4,9000.000000,0.300611,0.230000,1500,6,0.038000,24,12,1,0.080000,0.120000,0.068000,0.008000,0.039000,-6.900000,4.700000,0.090000,0.040000,61,0.100000,0.250000,0.500000,0.750000,0.900000,256,1,500.000000,6.000000,0.100000,4,0.700000,cuda,40,20,58,0.429054,0.322442,0.165331,-0.008102,-0.134687,0.182221,0.307865,0.245225,0.264689,2.314446,8.438000,6.641400,0.172840,2.834700,2.196800,1.464153,2.700400,1.977600,1.407756,2.381400,1.795900,0.230530,2.105400,1.595900,1.072342,2.956600,2.212900,6.651268,69.178000,1.598800
68,2026-01-14 20:12:18.763135,ridge,0.250000,2000,rf,350,15,15,20,sqrt,0,4,lgbm,regression,gbdt,31,5,0.020000,500,25,0.600000,0.700000,0.100000,0.100000,0,4,-1,cuda,672,72,48,True,34,64,322,1,7,3,4,3800.000000,0.054483,0.210000,1500,5,0.040000,24,12,1,0.088000,0.100000,0.060000,0.024000,0.045000,-5.600000,4.000000,0.130000,0.020000,61,0.100000,0.250000,0.500000,0.750000,0.900000,256,1,500.000000,6.000000,0.100000,4,0.700000,cuda,40,20,58,0.513782,0.380965,0.172305,-0.043744,-0.171516,0.162693,0.344510,0.279918,0.212878,2.621874,8.800500,7.020900,0.172840,2.834700,2.196800,1.464153,2.700400,1.977600,1.407756,2.381400,1.795900,0.218564,2.115900,1.613900,1.121948,3.109300,2.294800,7.028750,80.887000,1.636200
69,2026-01-14 20:12:51.843093,ridge,0.250000,2000,rf,350,15,15,20,sqrt,0,4,lgbm,regression,gbdt,31,5,0.020000,500,25,0.600000,0.700000,0.100000,0.100000,0,4,-1,cuda,672,72,48,True,35,64,324,1,6,3,4,8200.000000,1.024556,0.220000,1500,6,0.040000,24,12,1,0.080000,0.120000,0.076000,0.000000,0.049000,-5.900000,4.600000,0.130000,0.060000,61,0.100000,0.250000,0.500000,0.750000,0.900000,256,1,500.000000,6.000000,0.100000,4,0.700000,cuda,40,20,58,0.329873,0.230621,0.142331,-0.020804,-0.094682,0.211098,0.220236,0.341083,0.227583,1.403849,6.815300,5.297900,0.172840,2.834700,2.196800,1.464153,2.700400,1.977600,1.407756,2.381400,1.795900,0.223165,2.003200,1.501100,1.235528,2.883200,2.188300,5.305269,52.589000,1.612400
70,2026-01-14 20:13:22.683955,ridge,0.250000,2000,rf,350,15,15,20,sqrt,0,4,lgbm,regression,gbdt,31,5,0.020000,500,25,0.600000,0.700000,0.100000,0.100000,0,4,-1,cuda,672,72,48,True,37,64,352,1,8,3,5,9400.000000,1.750621,0.240000,1500,5,0.040000,24,12,1,0.072000,0.100000,0.052000,0.016000,0.045000,-5.300000,4.400000,0.090000,0.020000,61,0.100000,0.250000,0.500000,0.750000,0.900000,256,1,500.000000,6.000000,0.100000,4,0.700000,cuda,40,20,58,0.452232,0.367195,0.162067,-0.021130,-0.152374,0.175038,0.217510,0.251670,0.355783,2.038587,8.294100,6.662900,0.172840,2.834700,2.196800,1.464153,2.700400,1.977600,1.407756,2.381400,1.795900,0.225344,2.080000,1.576000,1.063372,3.340700,2.340300,6.676254,73.770000,1.650600
71,2026-01-14 20:13:55.092259,ridge,0.250000,2000,rf,350,15,15,20,sqrt,0,4,lgbm,regression,gbdt,31,5,0.020000,500,25,0.600000,0.700000,0.100000,0.100000,0,4,-1,cuda,672,72,48,True,38,64,352,1,8,3,4,8600.000000,0.300062,0.170000,1500,6,0.040000,24,12,1,0.088000,0.360000,0.056000,0.016000,0.051000,-5.400000,4.900000,0.110000,0.080000,61,0.100000,0.250000,0.500000,0.750000,0.900000,256,1,500.000000,6.000000,0.100000,4,0.700000,cuda,40,20,58,0.151306,0.197679,0.198837,0.094551,0.022661,0.173853,0.249844,0.284050,0.292254,1.958375,5.848100,4.530500,0.172840,2.834700,2.196800,1.464153,2.700400,1.977600,1.407756,2.381400,1.795900,0.191391,1.992100,1.484000,1.189461,2.741000,2.043500,4.528438,35.452000,1.565200
72,2026-01-14 20:14:26.924161,ridge,0.250000,2000,rf,350,15,15,20,sqrt,0,4,lgbm,regression,gbdt,31,5,0.020000,500,25,0.600000,0.700000,0.100000,0.100000,0,4,-1,cuda,672,72,48,True,40,64,352,1,8,3,4,8600.000000,0.360642,0.200000,1500,6,0.040000,24,12,1,0.088000,0.280000,0.060000,0.008000,0.049000,-5.100000,4.600000,0.110000,0.080000,61,0.100000,0.250000,0.500000,0.750000,0.900000,256,1,500.000000,6.000000,0.100000,4,0.700000,cuda,40,20,58,0.189233,0.159514,0.185601,0.093067,0.021682,0.225120,0.261867,0.274359,0.238653,1.725286,5.509100,4.211400,0.172840,2.834700,2.196800,1.464153,2.700400,1.977600,1.407756,2.381400,1.795900,0.201330,1.959700,1.454800,1.090633,2.927300,2.137000,4.217083,35.859000,1.572000
73,2026-01-14 20:14:58.757812,ridge,0.250000,2000,rf,350,15,15,20,sqrt,0,4,lgbm,regression,gbdt,31,5,0.020000,500,25,0.600000,0.700000,0.100000,0.100000,0,4,-1,cuda,672,72,48,True,37,64,352,1,8,3,4,9000.000000,0.565290,0.200000,1500,6,0.040000,24,12,1,0.096000,0.340000,0.056000,0.016000,0.043000,-5.800000,4.100000,0.110000,0.080000,61,0.100000,0.250000,0.500000,0.750000,0.900000,256,1,500.000000,6.000000,0.100000,4,0.700000,cuda,40,20,58,0.170032,0.179339,0.198688,0.087547,-0.013040,0.199874,0.214177,0.313123,0.272825,1.638085,5.563600,4.301100,0.172840,2.834700,2.196800,1.464153,2.700400,1.977600,1.407756,2.381400,1.795900,0.233713,1.941900,1.437700,1.222510,2.779400,2.104700,4.303072,35.566000,1.583000
74,2026-01-14 20:15:31.508085,ridge,0.250000,2000,rf,350,15,15,20,sqrt,0,4,lgbm,regression,gbdt,31,5,0.020000,500,25,0.600000,0.700000,0.100000,0.100000,0,4,-1,cuda,672,72,48,True,34,64,322,1,7,3,4,9800.000000,0.205027,0.190000,1500,6,0.040000,24,12,1,0.088000,0.260000,0.064000,0.024000,0.049000,-6.700000,3.500000,0.090000,0.100000,61,0.100000,0.250000,0.500000,0.750000,0.900000,256,1,500.000000,6.000000,0.100000,4,0.700000,cuda,40,20,58,0.156292,0.138355,0.179517,0.102445,0.024590,0.188376,0.265322,0.298689,0.247613,1.592563,5.034300,3.854500,0.172840,2.834700,2.196800,1.464153,2.700400,1.977600,1.407756,2.381400,1.795900,0.225508,1.955500,1.453800,1.030151,2.588500,1.949900,3.854941,31.566000,1.502600
75,2026-01-14 20:16:03.158585,ridge,0.250000,2000,rf,350,15,15,20,sqrt,0,4,lgbm,regression,gbdt,31,5,0.020000,500,25,0.600000,0.700000,0.100000,0.100000,0,4,-1,cuda,672,72,48,True,34,96,322,1,7,3,5,9800.000000,0.172904,0.110000,1500,6,0.038000,24,12,1,0.072000,0.300000,0.088000,0.032000,0.047000,-7.300000,3.500000,0.090000,0.100000,61,0.100000,0.250000,0.500000,0.750000,0.900000,256,1,500.000000,6.000000,0.100000,4,0.700000,cuda,40,20,58,0.278264,0.263117,0.193703,0.037631,-0.063758,0.191409,0.221162,0.283232,0.304198,2.241195,6.999700,5.467900,0.172840,2.834700,2.196800,1.464153,2.700400,1.977600,1.407756,2.381400,1.795900,0.224097,2.014100,1.516300,1.227311,2.892300,2.176000,5.473720,50.198000,1.611800
76,2026-01-14 20:16:36.417108,ridge,0.250000,2000,rf,350,15,15,20,sqrt,0,4,lgbm,regression,gbdt,31,5,0.020000,500,25,0.600000,0.700000,0.100000,0.100000,0,4,-1,cuda,672,72,48,True,35,64,301,1,7,3,4,10200.000000,0.225019,0.190000,2000,6,0.040000,24,12,1,0.080000,0.120000,0.068000,0.024000,0.039000,-6.700000,2.700000,0.090000,0.040000,61,0.100000,0.250000,0.500000,0.750000,0.900000,256,1,500.000000,6.000000,0.100000,4,0.700000,cuda,40,20,58,0.189411,0.189459,0.193020,0.070483,-0.047288,0.241937,0.202460,0.268766,0.286838,1.846493,6.319500,4.906800,0.172840,2.834700,2.196800,1.464153,2.700400,1.977600,1.407756,2.381400,1.795900,0.145416,2.056300,1.533500,1.162699,3.460800,2.407800,4.910939,38.418000,1.680900
77,2026-01-14 20:17:09.857806,ridge,0.250000,2000,rf,350,15,15,20,sqrt,0,4,lgbm,regression,gbdt,31,5,0.020000,500,25,0.600000,0.700000,0.100000,0.100000,0,4,-1,cuda,672,72,48,True,32,64,322,1,7,3,5,9800.000000,0.069061,0.170000,4000,6,0.040000,24,12,1,0.088000,0.240000,0.076000,0.024000,0.045000,-6.500000,3.000000,0.130000,0.020000,61,0.100000,0.250000,0.500000,0.750000,0.900000,256,1,500.000000,6.000000,0.100000,4,0.700000,cuda,40,20,58,0.471403,0.352802,0.181565,0.004006,-0.140859,0.146022,0.310324,0.275634,0.268020,2.411887,8.428900,6.786400,0.172840,2.834700,2.196800,1.464153,2.700400,1.977600,1.407756,2.381400,1.795900,0.223933,2.091000,1.582000,1.163277,2.929200,2.177100,6.794771,74.628000,1.609700
78,2026-01-14 20:17:42.819518,ridge,0.250000,2000,rf,350,15,15,20,sqrt,0,4,lgbm,regression,gbdt,31,5,0.020000,500,25,0.600000,0.700000,0.100000,0.100000,0,4,-1,cuda,672,72,48,True,36,64,350,1,7,3,4,9400.000000,0.107510,0.180000,1500,6,0.040000,24,12,1,0.096000,0.260000,0.064000,0.032000,0.041000,-6.100000,3.500000,0.070000,0.060000,61,0.100000,0.250000,0.500000,0.750000,0.900000,256,1,500.000000,6.000000,0.100000,4,0.700000,cuda,40,20,58,0.097709,0.148356,0.202101,0.131826,0.036788,0.178304,0.214587,0.263357,0.343753,1.713071,4.755800,3.686500,0.172840,2.834700,2.196800,1.464153,2.700400,1.977600,1.407756,2.381400,1.795900,0.209487,1.921300,1.421700,1.178104,2.587200,1.965800,3.682014,28.237000,1.531600
79,2026-01-14 20:18:15.793569,ridge,0.250000,2000,rf,350,15,15,20,sqrt,0,4,lgbm,regression,gbdt,31,5,0.020000,500,25,0.600000,0.700000,0.100000,0.100000,0,4,-1,cuda,672,72,48,True,36,64,350,1,7,4,7,5400.000000,0.126809,0.180000,2000,6,0.040000,24,12,1,0.080000,0.260000,0.064000,0.032000,0.041000,-6.300000,3.400000,0.070000,0.060000,61,0.100000,0.250000,0.500000,0.750000,0.900000,256,1,500.000000,6.000000,0.100000,4,0.700000,cuda,40,20,58,0.403621,0.320513,0.143697,-0.009259,-0.125487,0.209129,0.242310,0.281906,0.266655,1.679541,7.526500,5.930000,0.172840,2.834700,2.196800,1.464153,2.700400,1.977600,1.407756,2.381400,1.795900,0.190431,2.041900,1.537300,1.205882,3.031400,2.305500,5.941383,65.052000,1.635900
80,2026-01-14 20:18:45.046717,ridge,0.250000,2000,rf,350,15,15,20,sqrt,0,4,lgbm,regression,gbdt,31,5,0.020000,500,25,0.600000,0.700000,0.100000,0.100000,0,4,-1,cuda,672,72,48,True,34,128,322,1,7,3,5,9000.000000,0.026164,0.210000,1500,6,0.040000,24,12,1,0.088000,0.260000,0.064000,0.024000,0.041000,-7.400000,3.900000,0.070000,0.100000,61,0.100000,0.250000,0.500000,0.750000,0.900000,256,1,500.000000,6.000000,0.100000,4,0.700000,cuda,40,20,58,0.428787,0.289767,0.173047,0.006084,-0.128811,0.168706,0.248096,0.263650,0.319548,2.155842,8.170400,6.381700,0.172840,2.834700,2.196800,1.464153,2.700400,1.977600,1.407756,2.381400,1.795900,0.197836,2.093700,1.588100,1.249869,2.995000,2.276100,6.389421,67.004000,1.644800
81,2026-01-14 20:19:17.727631,ridge,0.250000,2000,rf,350,15,15,20,sqrt,0,4,lgbm,regression,gbdt,31,5,0.020000,500,25,0.600000,0.700000,0.100000,0.100000,0,4,-1,cuda,672,72,48,True,43,64,350,1,7,3,4,9400.000000,0.083416,0.180000,1500,6,0.040000,24,12,1,0.096000,0.280000,0.052000,0.040000,0.043000,-6.000000,3.700000,0.070000,0.060000,61,0.100000,0.250000,0.500000,0.750000,0.900000,256,1,500.000000,6.000000,0.100000,4,0.700000,cuda,40,20,58,0.092664,0.152511,0.155449,0.091880,0.022394,0.183954,0.273730,0.254726,0.287590,1.079576,5.015100,3.657200,0.172840,2.834700,2.196800,1.464153,2.700400,1.977600,1.407756,2.381400,1.795900,0.196861,1.956100,1.433100,0.951291,2.477600,1.859900,3.668214,26.534000,1.458400
82,2026-01-14 20:19:49.654745,ridge,0.250000,2000,rf,350,15,15,20,sqrt,0,4,lgbm,regression,gbdt,31,5,0.020000,500,25,0.600000,0.700000,0.100000,0.100000,0,4,-1,cuda,672,72,48,True,41,64,350,1,7,3,4,9400.000000,0.089558,0.190000,1500,6,0.040000,24,12,1,0.096000,0.300000,0.060000,0.032000,0.043000,-6.700000,3.700000,0.070000,0.060000,61,0.100000,0.250000,0.500000,0.750000,0.900000,256,1,500.000000,6.000000,0.100000,4,0.700000,cuda,40,20,58,0.094148,0.137286,0.178627,0.105116,0.034710,0.179119,0.203241,0.370349,0.247291,1.513349,4.763100,3.692000,0.172840,2.834700,2.196800,1.464153,2.700400,1.977600,1.407756,2.381400,1.795900,0.205194,1.937200,1.433400,1.059963,2.502900,1.891000,3.695319,26.426000,1.488700
83,2026-01-14 20:20:21.887620,ridge,0.250000,2000,rf,350,15,15,20,sqrt,0,4,lgbm,regression,gbdt,31,5,0.020000,500,25,0.600000,0.700000,0.100000,0.100000,0,4,-1,cuda,672,72,48,True,42,64,350,1,7,3,4,9400.000000,0.089115,0.180000,1500,6,0.040000,24,12,1,0.096000,0.280000,0.052000,0.032000,0.037000,-6.700000,3.200000,0.070000,0.060000,61,0.100000,0.250000,0.500000,0.750000,0.900000,256,1,500.000000,6.000000,0.100000,4,0.700000,cuda,40,20,58,0.101330,0.175362,0.205751,0.124644,0.041922,0.198421,0.219900,0.312807,0.268872,1.661711,4.954500,3.759100,0.172840,2.834700,2.196800,1.464153,2.700400,1.977600,1.407756,2.381400,1.795900,0.209469,1.954000,1.439100,1.172343,2.617000,1.947800,3.757118,30.131000,1.534400
84,2026-01-14 20:20:53.453280,ridge,0.250000,2000,rf,350,15,15,20,sqrt,0,4,lgbm,regression,gbdt,31,5,0.020000,500,25,0.600000,0.700000,0.100000,0.100000,0,4,-1,cuda,672,72,48,True,43,64,322,1,7,3,4,9400.000000,0.089747,0.180000,1500,6,0.040000,24,12,1,0.096000,0.300000,0.052000,0.032000,0.035000,-6.700000,3.700000,0.070000,0.060000,61,0.100000,0.250000,0.500000,0.750000,0.900000,256,1,500.000000,6.000000,0.100000,4,0.700000,cuda,40,20,58,0.115218,0.161651,0.177113,0.113040,0.028330,0.191335,0.240329,0.258378,0.309959,1.461455,5.021900,3.856300,0.172840,2.834700,2.196800,1.464153,2.700400,1.977600,1.407756,2.381400,1.795900,0.215720,1.951200,1.443300,1.137483,2.641500,1.994800,3.855621,29.561000,1.535400
85,2026-01-14 20:21:25.078115,ridge,0.250000,2000,rf,350,15,15,20,sqrt,0,4,lgbm,regression,gbdt,31,5,0.020000,500,25,0.600000,0.700000,0.100000,0.100000,0,4,-1,cuda,672,72,48,True,43,64,322,1,7,3,4,9400.000000,0.094329,0.180000,1500,6,0.040000,24,12,1,0.096000,0.300000,0.052000,0.032000,0.037000,-7.100000,3.200000,0.070000,0.060000,61,0.100000,0.250000,0.500000,0.750000,0.900000,256,1,500.000000,6.000000,0.100000,4,0.700000,cuda,40,20,58,0.095661,0.144617,0.156191,0.110844,0.001086,0.194263,0.277247,0.219489,0.309000,1.389535,5.099500,3.853500,0.172840,2.834700,2.196800,1.464153,2.700400,1.977600,1.407756,2.381400,1.795900,0.205491,1.952400,1.446600,1.040150,2.726700,2.004600,3.857016,27.018000,1.523400
86,2026-01-14 20:21:56.495053,ridge,0.250000,2000,rf,350,15,15,20,sqrt,0,4,lgbm,regression,gbdt,31,5,0.020000,500,25,0.600000,0.700000,0.100000,0.100000,0,4,-1,cuda,672,72,48,True,43,64,322,1,7,3,4,9800.000000,0.088051,0.150000,1500,6,0.040000,24,12,1,0.096000,0.300000,0.052000,0.040000,0.037000,-7.000000,3.200000,0.070000,0.060000,61,0.100000,0.250000,0.500000,0.750000,0.900000,256,1,500.000000,6.000000,0.100000,4,0.700000,cuda,40,20,58,0.128128,0.166963,0.195364,0.111645,0.034176,0.168075,0.151888,0.393378,0.286659,1.440793,4.846400,3.686400,0.172840,2.834700,2.196800,1.464153,2.700400,1.977600,1.407756,2.381400,1.795900,0.217578,1.932600,1.422700,1.225842,2.570800,1.922300,3.693191,30.732000,1.537100
87,2026-01-14 20:22:28.107777,ridge,0.250000,2000,rf,350,15,15,20,sqrt,0,4,lgbm,regression,gbdt,31,5,0.020000,500,25,0.600000,0.700000,0.100000,0.100000,0,4,-1,cuda,672,72,48,True,43,64,301,1,7,3,5,9400.000000,0.092889,0.180000,1500,6,0.040000,24,12,1,0.096000,0.300000,0.052000,0.040000,0.035000,-7.600000,3.100000,0.070000,0.060000,61,0.100000,0.250000,0.500000,0.750000,0.900000,256,1,500.000000,6.000000,0.100000,4,0.700000,cuda,40,20,58,0.140919,0.166073,0.196462,0.099804,0.005211,0.176271,0.239508,0.277137,0.307084,1.765003,5.230800,3.959300,0.172840,2.834700,2.196800,1.464153,2.700400,1.977600,1.407756,2.381400,1.795900,0.205121,1.949000,1.440200,1.280769,2.682300,2.024700,3.963710,32.101000,1.573600
88,2026-01-14 20:22:57.704283,ridge,0.250000,2000,rf,350,15,15,20,sqrt,0,4,lgbm,regression,gbdt,31,5,0.020000,500,25,0.600000,0.700000,0.100000,0.100000,0,4,-1,cuda,672,72,48,True,44,64,324,1,4,3,6,9400.000000,0.071561,0.150000,1500,4,0.040000,24,12,1,0.096000,0.320000,0.048000,0.040000,0.037000,-7.100000,3.200000,0.050000,0.060000,61,0.100000,0.250000,0.500000,0.750000,0.900000,256,1,500.000000,6.000000,0.100000,4,0.700000,cuda,40,20,58,0.414720,0.305348,0.160791,-0.003710,-0.112993,0.143230,0.158937,0.317297,0.380536,2.131335,8.250200,6.537100,0.172840,2.834700,2.196800,1.464153,2.700400,1.977600,1.407756,2.381400,1.795900,0.212007,2.080900,1.583900,1.246818,3.030700,2.213800,6.545543,66.137000,1.641800
89,2026-01-14 20:23:27.682115,ridge,0.250000,2000,rf,350,15,15,20,sqrt,0,4,lgbm,regression,gbdt,31,5,0.020000,500,25,0.600000,0.700000,0.100000,0.100000,0,4,-1,cuda,672,72,48,True,43,96,322,1,7,3,4,9800.000000,0.050730,0.160000,2000,6,0.034000,24,12,1,0.096000,0.320000,0.048000,0.032000,0.039000,-7.000000,2.500000,0.070000,0.060000,61,0.100000,0.250000,0.500000,0.750000,0.900000,256,1,500.000000,6.000000,0.100000,4,0.700000,cuda,40,20,58,0.369047,0.264008,0.195424,0.011070,-0.089429,0.186907,0.249169,0.247147,0.316776,2.372495,7.610300,5.947200,0.172840,2.834700,2.196800,1.464153,2.700400,1.977600,1.407756,2.381400,1.795900,0.204249,2.077100,1.562500,1.383135,3.071400,2.301600,5.950038,59.001000,1.684200
90,2026-01-14 20:23:59.550948,ridge,0.250000,2000,rf,350,15,15,20,sqrt,0,4,lgbm,regression,gbdt,31,5,0.020000,500,25,0.600000,0.700000,0.100000,0.100000,0,4,-1,cuda,672,72,48,True,42,64,301,1,7,3,4,9800.000000,0.081005,0.180000,1500,6,0.040000,24,12,1,0.096000,0.280000,0.052000,0.040000,0.035000,-7.400000,2.900000,0.070000,0.060000,61,0.100000,0.250000,0.500000,0.750000,0.900000,256,1,500.000000,6.000000,0.100000,4,0.700000,cuda,40,20,58,0.102606,0.131796,0.183790,0.116779,0.027113,0.214832,0.318912,0.239858,0.226398,1.651865,5.145100,3.945600,0.172840,2.834700,2.196800,1.464153,2.700400,1.977600,1.407756,2.381400,1.795900,0.217062,1.951700,1.440500,1.074053,2.657800,1.995900,3.943096,27.453000,1.523200
91,2026-01-14 20:24:31.227114,ridge,0.250000,2000,rf,350,15,15,20,sqrt,0,4,lgbm,regression,gbdt,31,5,0.020000,500,25,0.600000,0.700000,0.100000,0.100000,0,4,-1,cuda,672,72,48,True,42,64,301,1,7,3,4,9800.000000,0.042753,0.180000,1500,6,0.040000,24,12,1,0.096000,0.280000,0.052000,0.040000,0.037000,-7.500000,2.800000,0.070000,0.060000,61,0.100000,0.250000,0.500000,0.750000,0.900000,256,1,500.000000,6.000000,0.100000,4,0.700000,cuda,40,20,58,0.110500,0.141886,0.187322,0.105027,0.025481,0.225724,0.245402,0.308327,0.220546,1.634754,4.963600,3.776400,0.172840,2.834700,2.196800,1.464153,2.700400,1.977600,1.407756,2.381400,1.795900,0.207037,1.942800,1.428500,1.106103,2.841900,2.077400,3.780907,28.109000,1.557600
92,2026-01-14 20:25:02.831380,ridge,0.250000,2000,rf,350,15,15,20,sqrt,0,4,lgbm,regression,gbdt,31,5,0.020000,500,25,0.600000,0.700000,0.100000,0.100000,0,4,-1,cuda,672,72,48,True,42,64,301,1,7,3,4,10200.000000,0.042958,0.180000,1500,6,0.040000,24,12,1,0.096000,0.280000,0.044000,0.040000,0.035000,-7.500000,2.800000,0.050000,0.060000,61,0.100000,0.250000,0.500000,0.750000,0.900000,256,1,500.000000,6.000000,0.100000,4,0.700000,cuda,40,20,58,0.097264,0.177766,0.221599,0.104879,0.026876,0.190212,0.245932,0.250813,0.313043,1.928800,5.031700,3.897000,0.172840,2.834700,2.196800,1.464153,2.700400,1.977600,1.407756,2.381400,1.795900,0.229756,1.948500,1.441600,1.171706,2.743200,2.030000,3.896311,30.570000,1.559500
93,2026-01-14 20:25:34.022268,ridge,0.250000,2000,rf,350,15,15,20,sqrt,0,4,lgbm,regression,gbdt,31,5,0.020000,500,25,0.600000,0.700000,0.100000,0.100000,0,4,-1,cuda,672,72,48,True,41,64,301,1,7,3,4,9400.000000,0.061243,0.180000,1500,6,0.040000,24,12,1,0.096000,0.280000,0.060000,0.032000,0.035000,-7.300000,3.000000,0.070000,0.060000,61,0.100000,0.250000,0.500000,0.750000,0.900000,256,1,500.000000,6.000000,0.100000,4,0.700000,cuda,40,20,58,0.090527,0.122359,0.150255,0.086598,0.005656,0.144824,0.227138,0.328462,0.299576,1.192401,5.209800,3.929400,0.172840,2.834700,2.196800,1.464153,2.700400,1.977600,1.407756,2.381400,1.795900,0.196134,1.952700,1.439100,1.045026,2.568900,1.891800,3.944767,24.967000,1.493000
94,2026-01-14 20:26:05.650249,ridge,0.250000,2000,rf,350,15,15,20,sqrt,0,4,lgbm,regression,gbdt,31,5,0.020000,500,25,0.600000,0.700000,0.100000,0.100000,0,4,-1,cuda,672,72,48,True,41,64,301,1,7,3,5,9800.000000,0.057412,0.170000,1500,6,0.040000,24,12,1,0.096000,0.300000,0.060000,0.056000,0.031000,-7.800000,2.400000,0.070000,0.060000,61,0.100000,0.250000,0.500000,0.750000,0.900000,256,1,500.000000,6.000000,0.100000,4,0.700000,cuda,40,20,58,0.089755,0.140521,0.177469,0.116690,0.033345,0.160306,0.277364,0.265066,0.297263,1.499609,5.026200,3.836000,0.172840,2.834700,2.196800,1.464153,2.700400,1.977600,1.407756,2.381400,1.795900,0.199318,1.940500,1.432400,1.078676,2.557300,1.930700,3.838519,26.793000,1.502800
95,2026-01-14 20:26:37.068089,ridge,0.250000,2000,rf,350,15,15,20,sqrt,0,4,lgbm,regression,gbdt,31,5,0.020000,500,25,0.600000,0.700000,0.100000,0.100000,0,4,-1,cuda,672,72,48,True,41,64,273,1,7,3,5,9800.000000,0.030197,0.170000,1500,6,0.040000,24,12,1,0.096000,0.260000,0.060000,0.056000,0.031000,-8.000000,2.300000,0.050000,0.060000,61,0.100000,0.250000,0.500000,0.750000,0.900000,256,1,500.000000,6.000000,0.100000,4,0.700000,cuda,40,20,58,0.152315,0.165212,0.184651,0.069029,0.017052,0.180494,0.271144,0.292836,0.255527,1.905503,5.596900,4.214000,0.172840,2.834700,2.196800,1.464153,2.700400,1.977600,1.407756,2.381400,1.795900,0.202686,1.959600,1.458000,1.097517,2.794300,2.021000,4.215741,32.780000,1.546200
96,2026-01-14 20:27:08.928809,ridge,0.250000,2000,rf,350,15,15,20,sqrt,0,4,lgbm,regression,gbdt,31,5,0.020000,500,25,0.600000,0.700000,0.100000,0.100000,0,4,-1,cuda,672,72,48,True,41,64,301,1,7,3,5,10200.000000,0.017432,0.160000,1500,6,0.040000,24,12,1,0.096000,0.320000,0.060000,0.048000,0.033000,-7.900000,2.600000,0.070000,0.060000,61,0.100000,0.250000,0.500000,0.750000,0.900000,256,1,500.000000,6.000000,0.100000,4,0.700000,cuda,40,20,58,0.113497,0.143133,0.193109,0.115622,0.025867,0.261575,0.250368,0.264985,0.223071,1.753223,5.099000,3.938600,0.172840,2.834700,2.196800,1.464153,2.700400,1.977600,1.407756,2.381400,1.795900,0.199428,1.935200,1.429500,1.315358,2.904800,2.153800,3.943105,29.003000,1.618400
97,2026-01-14 20:27:40.808962,ridge,0.250000,2000,rf,350,15,15,20,sqrt,0,4,lgbm,regression,gbdt,31,5,0.020000,500,25,0.600000,0.700000,0.100000,0.100000,0,4,-1,cuda,672,72,48,True,44,64,301,1,7,3,6,9800.000000,0.059408,0.190000,1500,6,0.040000,24,12,1,0.096000,0.280000,0.048000,0.056000,0.039000,-7.600000,2.900000,0.070000,0.060000,61,0.100000,0.250000,0.500000,0.750000,0.900000,256,1,500.000000,6.000000,0.100000,4,0.700000,cuda,40,20,58,0.135161,0.184710,0.178656,0.112625,0.028063,0.130406,0.267267,0.332558,0.269769,1.843245,5.538500,4.169200,0.172840,2.834700,2.196800,1.464153,2.700400,1.977600,1.407756,2.381400,1.795900,0.217337,1.970300,1.467800,1.191670,2.510700,1.917000,4.173273,32.801000,1.526800
98,2026-01-14 20:28:12.510399,ridge,0.250000,2000,rf,350,15,15,20,sqrt,0,4,lgbm,regression,gbdt,31,5,0.020000,500,25,0.600000,0.700000,0.100000,0.100000,0,4,-1,cuda,672,72,48,True,40,64,273,1,7,3,7,10200.000000,0.140654,0.170000,2000,6,0.038000,24,12,1,0.096000,0.300000,0.060000,0.048000,0.033000,-7.400000,1.800000,0.050000,0.060000,61,0.100000,0.250000,0.500000,0.750000,0.900000,256,1,500.000000,6.000000,0.100000,4,0.700000,cuda,40,20,58,0.213390,0.207413,0.169694,0.054873,-0.038473,0.195709,0.294744,0.258710,0.250836,1.652914,6.517000,5.008200,0.172840,2.834700,2.196800,1.464153,2.700400,1.977600,1.407756,2.381400,1.795900,0.193520,1.988100,1.485200,1.052269,2.999900,2.223000,5.018865,40.848000,1.583500
99,2026-01-14 20:28:40.108112,ridge,0.250000,2000,rf,350,15,15,20,sqrt,0,4,lgbm,regression,gbdt,31,5,0.020000,500,25,0.600000,0.700000,0.100000,0.100000,0,4,-1,cuda,672,72,48,True,45,128,301,1,7,3,5,9800.000000,0.041499,0.170000,1500,5,0.040000,24,12,1,0.096000,0.320000,0.072000,0.048000,0.041000,-7.800000,3.000000,0.070000,0.060000,61,0.100000,0.250000,0.500000,0.750000,0.900000,256,1,500.000000,6.000000,0.100000,4,0.700000,cuda,40,20,58,0.474193,0.357461,0.179903,-0.018519,-0.147329,0.200910,0.200866,0.282333,0.315891,2.676917,9.007000,7.324700,0.172840,2.834700,2.196800,1.464153,2.700400,1.977600,1.407756,2.381400,1.795900,0.146664,2.218600,1.694700,1.335742,3.502400,2.548100,7.335493,76.384000,1.757700
100,2026-01-14 20:29:11.687825,ridge,0.250000,2000,rf,350,15,15,20,sqrt,0,4,lgbm,regression,gbdt,31,5,0.020000,500,25,0.600000,0.700000,0.100000,0.100000,0,4,-1,cuda,672,72,48,True,40,64,301,1,7,3,4,9400.000000,0.048002,0.190000,1500,6,0.040000,24,12,1,0.096000,0.220000,0.056000,0.040000,0.035000,-7.700000,2.000000,0.070000,0.060000,61,0.100000,0.250000,0.500000,0.750000,0.900000,256,1,500.000000,6.000000,0.100000,4,0.700000,cuda,40,20,58,0.097145,0.138830,0.162453,0.097549,0.005656,0.240936,0.255365,0.277444,0.226255,1.420461,5.195700,3.928600,0.172840,2.834700,2.196800,1.464153,2.700400,1.977600,1.407756,2.381400,1.795900,0.204702,1.959800,1.452400,0.956397,2.809000,2.071100,3.926319,26.723000,1.522000
101,2026-01-14 20:29:42.930243,ridge,0.250000,2000,rf,350,15,15,20,sqrt,0,4,lgbm,regression,gbdt,31,5,0.020000,500,25,0.600000,0.700000,0.100000,0.100000,0,4,-1,cuda,672,72,48,True,40,64,301,1,7,3,4,9400.000000,0.073003,0.190000,1500,6,0.040000,24,12,1,0.040000,0.280000,0.056000,0.040000,0.035000,-7.700000,2.200000,0.070000,0.060000,61,0.100000,0.250000,0.500000,0.750000,0.900000,256,1,500.000000,6.000000,0.100000,4,0.700000,cuda,40,20,58,0.117355,0.169456,0.162453,0.100843,-0.003662,0.223760,0.209337,0.243674,0.323228,1.555593,5.400000,4.002600,0.172840,2.834700,2.196800,1.464153,2.700400,1.977600,1.407756,2.381400,1.795900,0.192969,1.966900,1.461700,1.114287,2.801400,2.067200,3.998105,29.967000,1.555400
102,2026-01-14 20:30:14.449186,ridge,0.250000,2000,rf,350,15,15,20,sqrt,0,4,lgbm,regression,gbdt,31,5,0.020000,500,25,0.600000,0.700000,0.100000,0.100000,0,4,-1,cuda,672,72,48,True,44,64,273,1,7,3,4,9400.000000,0.048770,0.180000,1500,6,0.040000,24,12,1,0.096000,0.240000,0.060000,0.064000,0.031000,-7.300000,2.500000,0.070000,0.060000,61,0.100000,0.250000,0.500000,0.750000,0.900000,256,1,500.000000,6.000000,0.100000,4,0.700000,cuda,40,20,58,0.160713,0.148504,0.162898,0.086746,-0.000516,0.199131,0.211625,0.283307,0.305936,1.481988,5.500900,4.172800,0.172840,2.834700,2.196800,1.464153,2.700400,1.977600,1.407756,2.381400,1.795900,0.210119,1.970600,1.462100,1.156899,2.787000,2.071000,4.179862,32.459000,1.565800
103,2026-01-14 20:30:45.946585,ridge,0.250000,2000,rf,350,15,15,20,sqrt,0,4,lgbm,regression,gbdt,31,5,0.020000,500,25,0.600000,0.700000,0.100000,0.100000,0,4,-1,cuda,672,72,48,True,42,64,301,1,7,3,4,9400.000000,0.115470,0.200000,1500,6,0.040000,24,12,1,0.096000,0.220000,0.068000,0.032000,0.043000,-7.500000,1.500000,0.050000,0.080000,61,0.100000,0.250000,0.500000,0.750000,0.900000,256,1,500.000000,6.000000,0.100000,4,0.700000,cuda,40,20,58,0.115456,0.153371,0.190883,0.119332,0.019605,0.210966,0.234813,0.304504,0.249716,1.818812,5.303300,4.094500,0.172840,2.834700,2.196800,1.464153,2.700400,1.977600,1.407756,2.381400,1.795900,0.207520,1.945900,1.447600,1.255819,2.977600,2.199800,4.095943,29.938000,1.620800
104,2026-01-14 20:31:17.556826,ridge,0.250000,2000,rf,350,15,15,20,sqrt,0,4,lgbm,regression,gbdt,31,5,0.020000,500,25,0.600000,0.700000,0.100000,0.100000,0,4,-1,cuda,672,72,48,True,41,64,301,1,7,3,4,10200.000000,0.033804,0.160000,1500,6,0.040000,24,12,1,0.088000,0.280000,0.048000,0.040000,0.037000,-7.700000,2.000000,0.090000,0.060000,61,0.100000,0.250000,0.500000,0.750000,0.900000,256,1,500.000000,6.000000,0.100000,4,0.700000,cuda,40,20,58,0.101211,0.148979,0.160553,0.103187,0.024769,0.190234,0.221829,0.327682,0.260255,1.405282,5.279500,3.953400,0.172840,2.834700,2.196800,1.464153,2.700400,1.977600,1.407756,2.381400,1.795900,0.177543,1.950000,1.450800,1.140475,2.754700,2.030500,3.959988,27.690000,1.548700
105,2026-01-14 20:31:49.288463,ridge,0.250000,2000,rf,350,15,15,20,sqrt,0,4,lgbm,regression,gbdt,31,5,0.020000,500,25,0.600000,0.700000,0.100000,0.100000,0,4,-1,cuda,672,72,48,True,41,64,301,1,7,3,8,10200.000000,0.021637,0.160000,1500,6,0.040000,24,12,1,0.088000,0.280000,0.044000,0.056000,0.037000,-7.700000,1.900000,0.090000,0.060000,61,0.100000,0.250000,0.500000,0.750000,0.900000,256,1,500.000000,6.000000,0.100000,4,0.700000,cuda,40,20,58,0.088746,0.148860,0.156903,0.101110,0.014678,0.163408,0.245398,0.258083,0.333111,1.442302,4.933900,3.611700,0.172840,2.834700,2.196800,1.464153,2.700400,1.977600,1.407756,2.381400,1.795900,0.190176,1.943600,1.445100,1.217615,2.587700,1.979100,3.609934,26.131000,1.542300
106,2026-01-14 20:32:20.711153,ridge,0.250000,2000,rf,350,15,15,20,sqrt,0,4,lgbm,regression,gbdt,31,5,0.020000,500,25,0.600000,0.700000,0.100000,0.100000,0,4,-1,cuda,672,72,48,True,41,64,273,1,7,3,8,11000.000000,0.021152,0.160000,1500,6,0.040000,24,12,1,0.088000,0.300000,0.044000,0.056000,0.039000,-7.700000,2.000000,0.090000,0.060000,61,0.100000,0.250000,0.500000,0.750000,0.900000,256,1,500.000000,6.000000,0.100000,4,0.700000,cuda,40,20,58,0.090764,0.136218,0.168091,0.109983,0.024531,0.234367,0.215235,0.206307,0.344092,1.435840,4.700500,3.543700,0.172840,2.834700,2.196800,1.464153,2.700400,1.977600,1.407756,2.381400,1.795900,0.188439,1.937600,1.430400,1.201764,2.740500,2.044700,3.543153,25.717000,1.561700
107,2026-01-14 20:32:52.379804,ridge,0.250000,2000,rf,350,15,15,20,sqrt,0,4,lgbm,regression,gbdt,31,5,0.020000,500,25,0.600000,0.700000,0.100000,0.100000,0,4,-1,cuda,672,72,48,True,40,64,273,1,7,3,8,11000.000000,0.016793,0.150000,3500,6,0.040000,24,12,1,0.088000,0.300000,0.044000,0.064000,0.039000,-8.000000,2.000000,0.090000,0.060000,61,0.100000,0.250000,0.500000,0.750000,0.900000,256,1,500.000000,6.000000,0.100000,4,0.700000,cuda,40,20,58,0.401306,0.318317,0.175392,-0.023534,-0.140830,0.151415,0.220285,0.350129,0.278171,2.340553,8.258300,6.565000,0.172840,2.834700,2.196800,1.464153,2.700400,1.977600,1.407756,2.381400,1.795900,0.217381,2.062600,1.559400,1.104214,3.167000,2.249600,6.574311,66.964000,1.627500
108,2026-01-14 20:33:24.533774,ridge,0.250000,2000,rf,350,15,15,20,sqrt,0,4,lgbm,regression,gbdt,31,5,0.020000,500,25,0.600000,0.700000,0.100000,0.100000,0,4,-1,cuda,672,72,48,True,39,64,273,1,7,3,8,11000.000000,0.027529,0.140000,1500,6,0.038000,24,12,1,0.000000,0.300000,0.036000,0.056000,0.033000,-7.800000,1.600000,0.090000,0.060000,61,0.100000,0.250000,0.500000,0.750000,0.900000,256,1,500.000000,6.000000,0.100000,4,0.700000,cuda,40,20,58,0.108541,0.112951,0.171089,0.099003,0.016340,0.159469,0.227413,0.344089,0.269029,1.318255,5.363600,4.017600,0.172840,2.834700,2.196800,1.464153,2.700400,1.977600,1.407756,2.381400,1.795900,0.192122,1.957400,1.445500,1.105601,2.656600,1.985600,4.029406,26.748000,1.526800
109,2026-01-14 20:33:56.419066,ridge,0.250000,2000,rf,350,15,15,20,sqrt,0,4,lgbm,regression,gbdt,31,5,0.020000,500,25,0.600000,0.700000,0.100000,0.100000,0,4,-1,cuda,672,72,48,True,39,64,273,1,7,3,8,11000.000000,0.013919,0.140000,3000,6,0.036000,24,12,1,0.024000,0.320000,0.044000,0.056000,0.033000,-7.800000,1.500000,0.090000,0.060000,61,0.100000,0.250000,0.500000,0.750000,0.900000,256,1,500.000000,6.000000,0.100000,4,0.700000,cuda,40,20,58,0.393234,0.300243,0.179042,0.040212,-0.113764,0.185977,0.301837,0.233779,0.278407,2.282054,7.793900,6.115700,0.172840,2.834700,2.196800,1.464153,2.700400,1.977600,1.407756,2.381400,1.795900,0.215274,2.055900,1.552700,1.286268,3.409900,2.502800,6.123082,63.557000,1.722100
